order_id,order_date,customer_id,customer_type,region,sales_channel,product,category,quantity,unit_price,unit_cost,discount_pct,shipping_cost,payment_method,status
10001,2026-06-12,C1131,B2C,SK-West,Partner,Laptop Air 13,Electronics,5.0,22886.0,17017.0,0.0,138.0,Invoice,Completed
10002,2026-06-26,C1163,B2B,CZ-East,Online,Laptop Air 13,Electronics,4.0,23056.0,16910.0,0.05,478.0,Card,Completed
10003,2026-01-14,C1248,,SK-East,Partner,Paper Shredder,Office,7.0,3190.0,1886.0,0.0,491.0,Invoice,Returned
10004,2026-03-18,C1109,B2C,CZ-East,Online,Monitor 27,Electronics,4.0,8073.0,5286.0,0.1,620.0,Invoice,Completed
10005,2026-04-09,C1056,B2C,CZ-East,Online,Laptop Air 13,Electronics,6.0,21750.0,15849.0,0.0,411.0,Invoice,Completed
10006,2026-01-21,C1071,B2C,SK-West,Online,Desk 180,Furniture,3.0,12385.0,8983.0,0.0,351.0,Invoice,Completed
10007,2026-01-02,C1236,B2C,CZ-East,Online,Printer,Office,6.0,7161.0,,0.1,254.0,Card,Completed
10008,2026-04-03,C1169,B2C,CZ-West,Sales Rep,Laptop Air 13,Electronics,5.0,23172.0,15296.0,0.1,343.0,Invoice,Completed
10009,2026-01-07,C1131,B2C,CZ-West,Partner,Desk 140,Furniture,3.0,9358.0,6053.0,0.15,161.0,Card,Cancelled
10010,2026-04-02,C1125,B2C,CZ-Central,Online,Keyboard,Accessories,5.0,1851.0,986.0,0.3,277.0,Bank Transfer,Completed
10011,2026-01-19,C1216,B2B,SK-West,Sales Rep,Laptop Air 13,Electronics,6.0,22540.0,16092.0,0.05,387.0,Bank Transfer,Completed
10012,2026-02-20,C1101,B2C,CZ-Central,Partner,Mouse,Accessories,3.0,1095.0,485.0,0.0,135.0,Bank Transfer,Returned
10013,2026-02-25,C1290,,CZ-West,Sales Rep,Docking Station,Accessories,6.0,4110.0,2780.0,0.0,291.0,Invoice,Completed
10014,2026-05-28,C1005,B2C,CZ-East,Partner,Docking Station,Accessories,2.0,4309.0,2726.0,0.0,118.0,Bank Transfer,Completed
10015,2026-05-12,C1175,B2B,CZ-East,Online,Keyboard,Accessories,1.0,1873.0,940.0,0.0,351.0,Card,Completed
10016,2026-05-23,C1134,B2B,SK-West,Sales Rep,Monitor 27,Electronics,1.0,7337.0,5067.0,0.15,265.0,Card,Completed
10017,2026-07-21,C1144,B2B,SK-East,Online,Monitor 27,Electronics,3.0,8049.0,5374.0,0.05,728.0,Bank Transfer,Completed
10018,2026-06-19,C1109,B2C,CZ-West,Partner,Office Chair,Furniture,2.0,5898.0,3835.0,0.0,300.0,Bank Transfer,Completed
10019,2026-04-27,C1032,B2B,CZ-West,Sales Rep,Keyboard,Accessories,3.0,1845.0,978.0,0.1,338.0,Invoice,Cancelled
10020,2026-02-19,C1288,B2B,CZ-Central,Partner,Monitor 34,Electronics,1.0,13295.0,10634.0,0.15,437.0,Bank Transfer,Completed
10021,2026-04-19,C1076,B2C,SK-East,Online,Desk 140,Furniture,7.0,8550.0,6209.0,0.0,148.0,Invoice,Completed
10022,2026-06-27,C1100,B2C,CZ-East,Sales Rep,Bookshelf,Furniture,7.0,5560.0,3540.0,0.0,351.0,Invoice,Completed
10023,2026-06-06,C1078,B2C,CZ-West,Partner,Bookshelf,Furniture,3.0,5189.0,3308.0,0.0,561.0,Card,Completed
10024,2026-06-01,C1149,B2C,CZ-East,Online,Executive Chair,Furniture,7.0,12903.0,7328.0,0.1,265.0,Invoice,Completed
10025,2026-02-18,C1039,B2C,CZ-East,Sales Rep,Monitor 27,Electronics,2.0,8205.0,4774.0,0.05,202.0,Card,Cancelled
10026,2026-01-06,C1024,B2B,SK-East,Online,Printer,Office,6.0,6351.0,4706.0,0.0,388.0,Card,Completed
10027,2026-05-20,C1286,B2B,SK-West,Partner,Office Chair,Furniture,3.0,6143.0,3791.0,0.0,354.0,Card,Returned
10028,2026-06-07,C1129,B2B,SK-West,Partner,Monitor 27,Electronics,3.0,9093.0,5590.0,0.2,280.0,Invoice,Completed
10029,2026-01-23,C1248,B2C,SK-East,Partner,Desk 140,Furniture,3.0,8551.0,5576.0,0.35,171.0,Bank Transfer,Completed
10030,2026-01-25,C1159,B2B,CZ-Central,Online,Docking Station,Accessories,3.0,4483.0,2690.0,0.15,115.0,Invoice,Returned
10031,2026-06-21,C1031,B2B,CZ-Central,Partner,Printer,Office,,6415.0,4631.0,0.0,,Card,Cancelled
10032,2026-05-06,C1212,B2B,CZ-West,Online,Paper Shredder,Office,2.0,3128.0,1890.0,0.0,287.0,Invoice,Completed
10033,2026-05-05,C1204,B2C,SK-East,Sales Rep,Docking Station,Accessories,4.0,4239.0,2738.0,0.05,320.0,Card,Completed
10034,2026-07-06,C1002,B2B,SK-East,Sales Rep,Monitor 27,Electronics,2.0,8892.0,5527.0,0.0,213.0,Invoice,Completed
10035,2026-06-25,C1015,B2B,SK-East,Online,Laptop Air 13,Electronics,1.0,22531.0,15256.0,0.15,384.0,Invoice,Completed
10036,2026-05-12,C1290,B2C,SK-East,Sales Rep,Bookshelf,Furniture,5.0,5502.0,3486.0,0.05,341.0,Invoice,Completed
10037,2026-05-15,C1079,B2B,CZ-Central,Sales Rep,Desk 180,Furniture,,12612.0,8275.0,0.0,562.0,Bank Transfer,Returned
10038,2026-04-02,C1256,B2B,SK-West,Online,Keyboard,Accessories,3.0,1780.0,967.0,,402.0,Bank Transfer,Completed
10039,2026-06-28,C1195,B2B,SK-West,Online,Webcam,Accessories,4.0,2519.0,1285.0,0.05,222.0,Card,Completed
10040,2026-04-16,C1174,B2B,CZ-East,Partner,Desk 180,Furniture,7.0,12954.0,9317.0,0.0,575.0,Invoice,Completed
10041,2026-07-21,C1240,B2B,CZ-Central,Partner,Webcam,Accessories,2.0,2618.0,1333.0,0.1,178.0,Bank Transfer,Completed
10042,2026-04-20,C1203,B2C,SK-West,Partner,Laptop Air 13,Electronics,5.0,21043.0,17158.0,0.05,0.0,Invoice,Returned
10043,2026-04-14,C1179,B2B,SK-West,Partner,Office Chair,Furniture,2.0,5980.0,3992.0,0.0,527.0,Bank Transfer,Cancelled
10044,2026-02-13,C1238,B2B,CZ-East,Online,,Furniture,5.0,5959.0,3533.0,0.1,358.0,Card,Completed
10045,2026-02-01,C1280,B2C,,Sales Rep,Webcam,Accessories,1.0,2248.0,1293.0,0.1,216.0,Invoice,Completed
10046,2026-01-30,C1081,B2C,SK-East,Sales Rep,Office Chair,Furniture,3.0,6694.0,4034.0,0.2,398.0,Card,Completed
10047,2026-05-04,C1205,B2C,CZ-East,Online,Office Chair,Furniture,1.0,6240.0,4104.0,0.15,145.0,Bank Transfer,Completed
10048,2026-04-19,C1205,B2B,SK-West,Partner,Keyboard,Accessories,7.0,1931.0,925.0,0.2,328.0,Card,Completed
10049,2026-07-29,C1199,B2B,CZ-Central,Sales Rep,Desk 140,Furniture,1.0,8974.0,6285.0,0.15,394.0,Card,Cancelled
10050,2026-06-19,C1046,B2B,SK-East,Sales Rep,Bookshelf,Furniture,2.0,5468.0,3573.0,0.0,304.0,Invoice,Returned
10051,2026-02-20,C1254,B2C,SK-West,Partner,Webcam,Accessories,3.0,2302.0,1339.0,0.15,348.0,Invoice,Completed
10052,2026-04-06,C1243,B2C,CZ-West,Online,Laptop Pro 14,Electronics,2.0,31247.0,21479.0,0.15,237.0,Card,Completed
10053,2026-05-30,C1294,B2B,SK-East,Sales Rep,Laptop Air 13,Electronics,4.0,20084.0,16658.0,,386.0,Invoice,Completed
10054,2026-03-19,C1076,B2C,SK-East,Sales Rep,Monitor 27,Electronics,1.0,7647.0,4977.0,0.0,380.0,Bank Transfer,Completed
10055,2026-07-18,C1090,B2B,CZ-West,Sales Rep,Monitor 34,Electronics,4.0,,10218.0,0.05,476.0,Bank Transfer,Returned
10056,2026-07-11,C1184,B2B,SK-West,Sales Rep,Docking Station,Accessories,4.0,4723.0,2707.0,0.0,471.0,Bank Transfer,Completed
10057,2026-03-28,C1122,B2B,CZ-East,Sales Rep,Webcam,Accessories,2.0,2171.0,1192.0,0.0,256.0,Bank Transfer,Completed
10058,2026-01-21,C1184,B2B,CZ-Central,Partner,Monitor 34,Electronics,5.0,14190.0,9640.0,0.05,346.0,Bank Transfer,Completed
10059,2026-04-01,C1187,B2B,SK-East,Partner,Monitor 27,Electronics,4.0,9131.0,5246.0,0.1,333.0,Bank Transfer,Returned
10060,2026-02-26,C1016,B2B,SK-East,Partner,Office Chair,Furniture,6.0,6360.0,3767.0,0.05,406.0,Invoice,Completed
10061,2026-02-28,C1100,B2B,SK-East,Partner,Laptop Air 13,Electronics,4.0,21494.0,17014.0,0.1,273.0,Invoice,Completed
10062,2026-05-29,C1022,B2C,CZ-East,Partner,Mouse,Accessories,2.0,1053.0,489.0,0.0,244.0,Bank Transfer,Completed
10063,2026-05-25,C1211,B2C,CZ-East,Sales Rep,Bookshelf,Furniture,2.0,5500.0,3514.0,0.0,431.0,Card,Returned
10064,2026-03-29,C1195,B2B,CZ-East,Sales Rep,Monitor 27,Electronics,6.0,8672.0,4998.0,0.15,507.0,Invoice,Completed
10065,2026-01-17,C1226,B2B,SK-East,Partner,Keyboard,Accessories,6.0,1929.0,1041.0,0.0,188.0,Card,Completed
10066,2026-02-10,C1080,B2B,SK-East,Partner,Monitor 34,Electronics,3.0,13451.0,10250.0,0.05,210.0,Invoice,Completed
10067,2026-05-17,C1201,B2C,CZ-Central,Partner,Executive Chair,Furniture,3.0,11786.0,7662.0,0.0,419.0,Invoice,Completed
10068,2026-04-22,C1036,B2C,CZ-Central,Sales Rep,Office Chair,Furniture,6.0,6957.0,3886.0,0.15,215.0,Bank Transfer,Completed
10069,2026-04-22,C1031,B2B,CZ-Central,Online,Printer,Office,4.0,6871.0,4763.0,0.05,213.0,Card,Completed
10070,2026-05-08,C1124,,CZ-West,Partner,Laptop Pro 14,Electronics,7.0,29851.0,21561.0,0.05,310.0,Bank Transfer,Completed
10071,2026-07-26,C1186,B2B,SK-East,Sales Rep,Desk 180,Furniture,6.0,13866.0,8810.0,0.15,0.0,Invoice,Completed
10072,2026-01-16,C1125,B2C,CZ-West,Partner,Paper Shredder,Office,1.0,3583.0,1811.0,0.05,353.0,Card,Completed
10073,2026-06-04,C1224,B2C,CZ-East,Partner,Printer,Office,7.0,6724.0,4389.0,0.0,261.0,Invoice,Cancelled
10074,2026-03-10,C1162,B2C,CZ-Central,Partner,Docking Station,Accessories,7.0,4330.0,2638.0,0.0,232.0,Bank Transfer,Returned
10075,2026-01-08,C1111,B2C,SK-West,Online,Monitor 34,Electronics,1.0,14349.0,9395.0,0.1,121.0,Invoice,Returned
10076,2026-03-24,C1133,B2B,SK-East,Sales Rep,Bookshelf,Furniture,6.0,5681.0,3414.0,0.05,258.0,Card,Returned
10077,2026-01-07,C1120,B2C,CZ-Central,Partner,Office Chair,Furniture,6.0,6047.0,4113.0,0.0,0.0,Invoice,Cancelled
10078,2026-05-30,C1203,B2B,SK-West,Sales Rep,Keyboard,Accessories,5.0,1865.0,969.0,0.15,164.0,Bank Transfer,Returned
10079,2026-06-19,C1299,B2B,SK-East,Partner,Docking Station,Accessories,4.0,4243.0,2664.0,0.0,406.0,Invoice,Returned
10080,2026-01-13,C1024,B2B,CZ-Central,Online,Executive Chair,Furniture,3.0,11621.0,8162.0,0.0,554.0,Bank Transfer,Completed
10081,2026-04-06,C1190,B2C,CZ-East,Partner,Keyboard,Accessories,7.0,2038.0,967.0,0.2,,Card,Completed
10082,2026-03-23,C1064,B2C,SK-West,Sales Rep,Paper Shredder,Office,2.0,2890.0,1937.0,0.3,0.0,Card,Completed
10083,2026-02-20,C1096,B2C,SK-West,Sales Rep,Printer,Office,3.0,7045.0,5148.0,0.05,374.0,Bank Transfer,Cancelled
10084,2026-07-19,C1095,,CZ-East,Sales Rep,Office Chair,Furniture,7.0,6006.0,3832.0,0.0,431.0,Card,Cancelled
10085,2026-04-18,C1129,B2B,CZ-Central,Sales Rep,Bookshelf,Furniture,7.0,5920.0,3185.0,0.35,210.0,Card,Cancelled
10086,2026-02-25,C1233,B2B,SK-East,Partner,Docking Station,Accessories,4.0,4480.0,2674.0,0.3,312.0,,Completed
10087,2026-03-05,C1118,B2B,CZ-West,Online,Webcam,Accessories,4.0,2493.0,1299.0,0.0,175.0,Bank Transfer,Completed
10088,2026-01-07,C1068,B2B,CZ-East,Online,Office Chair,Furniture,3.0,6455.0,3845.0,0.15,307.0,Invoice,Completed
10089,2026-05-24,C1068,B2C,SK-West,Online,Printer,Office,3.0,7017.0,4844.0,0.0,163.0,Card,Completed
10090,2026-03-08,C1046,B2B,SK-West,Sales Rep,Laptop Pro 14,Electronics,1.0,29382.0,21535.0,0.0,433.0,Bank Transfer,Completed
10091,2026-04-30,C1177,B2B,CZ-West,Partner,Laptop Air 13,Electronics,2.0,19456.0,16465.0,0.15,572.0,Invoice,Cancelled
10092,2026-03-03,C1023,B2B,SK-West,Partner,Printer,Office,2.0,6776.0,4509.0,0.05,570.0,Card,Completed
10093,2026-06-17,C1180,B2C,CZ-West,Partner,Executive Chair,Furniture,1.0,12792.0,7793.0,0.0,409.0,Bank Transfer,Completed
10094,2026-05-28,C1037,B2C,CZ-West,Sales Rep,Laptop Pro 14,Electronics,2.0,26681.0,22840.0,0.1,510.0,Card,Completed
10095,2026-01-31,C1207,B2C,CZ-West,Sales Rep,Bookshelf,Furniture,5.0,5733.0,3508.0,0.2,313.0,Invoice,Completed
10096,2026-03-23,C1054,B2B,SK-West,Online,Executive Chair,Furniture,1.0,12078.0,7613.0,0.05,168.0,Bank Transfer,Completed
10097,2026-03-03,C1199,B2C,SK-East,Partner,Laptop Air 13,Electronics,3.0,,16320.0,0.05,468.0,Card,Completed
10098,2026-02-08,C1080,B2C,SK-West,Partner,Desk 140,Furniture,4.0,9084.0,6193.0,0.1,474.0,Card,Completed
10099,2026-04-19,C1003,B2C,SK-East,Sales Rep,Paper Shredder,Office,7.0,3089.0,1919.0,0.0,232.0,Bank Transfer,Completed
10100,2026-04-09,C1102,B2B,SK-East,Partner,Desk 180,Furniture,2.0,12018.0,8729.0,0.0,157.0,Bank Transfer,Cancelled
10101,2026-03-21,C1155,B2B,CZ-West,Partner,Desk 140,Furniture,3.0,9548.0,5448.0,0.1,539.0,Invoice,Returned
10102,2026-06-30,C1063,B2C,SK-East,Sales Rep,Printer,Office,6.0,6765.0,4968.0,0.35,273.0,Invoice,Returned
10103,2026-07-06,C1118,B2B,SK-West,Sales Rep,Paper Shredder,Office,5.0,3270.0,2142.0,0.05,221.0,Invoice,Completed
10104,2026-01-15,C1092,B2C,CZ-West,Sales Rep,Office Chair,Furniture,2.0,6212.0,3943.0,0.0,367.0,Card,Cancelled
10105,2026-02-21,C1029,B2C,CZ-West,Sales Rep,Desk 180,Furniture,2.0,12855.0,8930.0,0.0,436.0,Bank Transfer,Completed
10106,2026-04-06,C1202,B2B,SK-East,Online,Office Chair,Furniture,2.0,6304.0,,0.2,329.0,Card,Completed
10107,2026-03-03,C1229,B2B,SK-East,Sales Rep,Monitor 27,Electronics,3.0,7887.0,5247.0,0.2,164.0,Card,Completed
10108,2026-07-17,C1120,B2C,CZ-East,Online,Monitor 27,Electronics,3.0,7696.0,4680.0,0.15,203.0,Card,Completed
10109,2026-02-03,C1255,B2C,CZ-East,Online,Docking Station,Accessories,1.0,4030.0,2607.0,0.0,,Invoice,Completed
10110,2026-01-10,C1115,B2B,CZ-West,Partner,Bookshelf,Furniture,2.0,5391.0,3788.0,0.15,141.0,Bank Transfer,Completed
10111,2026-03-28,C1134,B2C,CZ-East,Partner,Desk 140,Furniture,1.0,8568.0,6341.0,0.15,521.0,Card,Completed
10112,2026-03-04,C1084,B2B,CZ-East,Sales Rep,Monitor 34,Electronics,2.0,13177.0,9847.0,0.1,297.0,Bank Transfer,Completed
10113,2026-04-02,C1039,B2B,CZ-West,Sales Rep,Printer,Office,3.0,6902.0,4784.0,0.05,551.0,Bank Transfer,Cancelled
10114,2026-02-04,C1274,B2C,CZ-West,Sales Rep,Monitor 34,Electronics,2.0,14684.0,10139.0,0.15,444.0,Invoice,Completed
10115,2026-04-22,C1056,B2C,CZ-West,Partner,Office Chair,Furniture,5.0,5110.0,3960.0,0.1,79.0,Invoice,Returned
10116,2026-04-28,C1191,B2C,SK-East,Online,Mouse,Accessories,1.0,1190.0,510.0,0.05,320.0,Card,Cancelled
10117,2026-04-02,C1191,B2B,CZ-East,Partner,Office Chair,Furniture,3.0,6187.0,3687.0,,,Card,Completed
10118,2026-06-15,C1215,B2B,CZ-Central,Sales Rep,Monitor 27,Electronics,5.0,8006.0,5328.0,0.0,174.0,,Completed
10119,2026-04-10,C1285,B2C,CZ-West,Partner,Laptop Air 13,Electronics,5.0,19889.0,16551.0,0.1,372.0,Bank Transfer,Completed
10120,2026-06-06,C1108,B2C,SK-West,Sales Rep,Paper Shredder,Office,6.0,3316.0,1877.0,0.05,442.0,Invoice,Returned
10121,2026-03-26,C1168,B2B,SK-West,Sales Rep,Mouse,Accessories,7.0,1151.0,523.0,0.15,435.0,Bank Transfer,Returned
10122,2026-04-08,C1219,B2C,CZ-Central,Online,Docking Station,Accessories,4.0,4201.0,2737.0,0.1,268.0,Invoice,Completed
10123,2026-02-11,C1233,B2C,CZ-Central,Partner,Printer,Office,2.0,6215.0,4504.0,0.1,327.0,Card,Completed
10124,2026-03-01,C1230,B2C,CZ-East,Sales Rep,Keyboard,Accessories,5.0,1936.0,996.0,0.05,25.0,Invoice,Completed
10125,2026-05-12,C1096,B2C,CZ-East,Partner,Keyboard,Accessories,1.0,2035.0,988.0,0.1,388.0,Invoice,Cancelled
10126,2026-03-18,C1211,B2B,CZ-East,Sales Rep,Desk 140,Furniture,4.0,9330.0,6265.0,0.0,456.0,Invoice,Completed
10127,2026-02-21,C1273,B2C,SK-West,Online,Printer,Office,3.0,7125.0,4520.0,0.2,146.0,Invoice,Completed
10128,2026-05-12,C1138,B2C,CZ-Central,Sales Rep,Office Chair,Furniture,4.0,6748.0,3923.0,0.0,337.0,Card,Completed
10129,2026-06-21,C1258,B2B,SK-East,Online,Desk 140,Furniture,3.0,8556.0,6085.0,0.0,384.0,Card,Returned
10130,2026-05-08,C1007,B2B,CZ-East,Sales Rep,Bookshelf,Furniture,1.0,5523.0,3277.0,0.0,352.0,Invoice,Cancelled
10131,2026-07-25,C1020,B2B,SK-West,Sales Rep,Keyboard,Accessories,5.0,1883.0,997.0,0.0,335.0,Card,Returned
10132,2026-05-01,C1238,B2C,CZ-West,Partner,Printer,Office,2.0,6785.0,4588.0,0.05,431.0,Card,Cancelled
10133,2026-04-19,C1028,B2B,CZ-East,Online,Laptop Pro 14,Electronics,1.0,29758.0,22233.0,0.0,478.0,Card,Completed
10134,2026-06-10,C1118,B2B,,Partner,Desk 180,Furniture,3.0,13442.0,8417.0,0.15,502.0,Invoice,Returned
10135,2026-04-14,C1267,B2B,CZ-East,Online,Monitor 27,Electronics,2.0,7948.0,5216.0,0.0,269.0,Card,Completed
10136,2026-02-17,C1224,B2C,CZ-Central,Online,Laptop Pro 14,Electronics,1.0,27600.0,21198.0,0.0,282.0,Card,Completed
10137,2026-06-30,C1246,B2C,SK-West,Sales Rep,Laptop Pro 14,Electronics,2.0,28444.0,20813.0,0.3,297.0,Card,Completed
10138,2026-02-12,C1187,B2B,SK-West,Partner,Bookshelf,Furniture,4.0,5601.0,3741.0,0.0,40.0,Invoice,Completed
10139,2026-01-19,C1052,B2C,CZ-West,Partner,Bookshelf,Furniture,3.0,5942.0,3644.0,0.0,455.0,Bank Transfer,Completed
10140,2026-07-12,C1185,B2B,CZ-East,Sales Rep,Docking Station,Accessories,3.0,4200.0,2859.0,0.15,122.0,Invoice,Completed
10141,2026-06-04,C1169,B2C,CZ-West,Partner,Monitor 34,Electronics,1.0,13182.0,10763.0,0.1,262.0,Bank Transfer,Completed
10142,2026-05-11,C1047,B2B,SK-West,Online,Office Chair,Furniture,2.0,5829.0,3887.0,0.15,213.0,Card,Completed
10143,2026-03-08,C1169,B2C,SK-East,Partner,Monitor 27,Electronics,4.0,7521.0,5332.0,0.0,127.0,Bank Transfer,Returned
10144,2026-06-26,C1102,B2B,CZ-East,Sales Rep,Monitor 27,Electronics,7.0,8626.0,5410.0,0.2,425.0,Bank Transfer,Completed
10145,2026-05-23,C1064,B2B,CZ-West,Sales Rep,Keyboard,Accessories,1.0,1779.0,928.0,0.0,379.0,Invoice,Completed
10146,2026-03-14,C1125,B2B,SK-East,Partner,Keyboard,Accessories,3.0,1800.0,1069.0,0.0,444.0,Card,Cancelled
10147,2026-01-21,C1032,B2C,SK-West,Online,Desk 180,Furniture,6.0,,8099.0,0.0,505.0,Invoice,Returned
10148,2026-01-31,C1025,B2C,SK-East,Partner,Office Chair,Furniture,7.0,5865.0,3982.0,0.0,239.0,Invoice,Completed
10149,2026-07-25,C1149,B2C,CZ-Central,Online,Printer,Office,3.0,6936.0,4761.0,0.05,324.0,Card,Cancelled
10150,2026-06-17,C1240,B2C,CZ-Central,Partner,Laptop Air 13,Electronics,7.0,20584.0,17504.0,0.0,466.0,Invoice,Cancelled
10151,2026-03-24,C1098,B2B,CZ-East,Sales Rep,Desk 180,Furniture,6.0,13649.0,9440.0,0.0,362.0,Card,Cancelled
10152,2026-01-15,C1258,B2B,SK-West,Sales Rep,Mouse,Accessories,3.0,1215.0,510.0,0.1,334.0,Invoice,Returned
10153,2026-02-24,C1248,B2C,SK-East,Partner,Office Chair,Furniture,4.0,6446.0,4001.0,0.1,535.0,Bank Transfer,Completed
10154,2026-07-13,C1024,B2B,CZ-Central,Partner,Paper Shredder,Office,5.0,3204.0,1854.0,,371.0,Card,Cancelled
10155,2026-04-15,C1139,B2C,CZ-Central,Partner,Monitor 34,Electronics,2.0,13950.0,9898.0,0.0,317.0,Bank Transfer,Completed
10156,2026-05-22,C1023,B2C,SK-West,Partner,Keyboard,Accessories,2.0,1855.0,897.0,0.05,438.0,Invoice,Completed
10157,2026-05-05,C1263,B2C,SK-East,Partner,Paper Shredder,Office,7.0,2800.0,1947.0,0.05,285.0,Bank Transfer,Cancelled
10158,2026-07-16,C1020,B2B,SK-West,Online,Docking Station,Accessories,3.0,4112.0,2573.0,0.1,225.0,Invoice,Cancelled
10159,2026-01-06,C1156,B2B,CZ-Central,Partner,Laptop Pro 14,Electronics,7.0,26325.0,22419.0,0.0,241.0,Bank Transfer,Completed
10160,2026-05-03,C1147,B2B,CZ-West,Online,Laptop Pro 14,Electronics,4.0,29408.0,20040.0,0.0,424.0,Bank Transfer,Cancelled
10161,2026-03-27,C1242,B2C,SK-West,Sales Rep,Monitor 27,Electronics,2.0,8781.0,5297.0,0.05,700.0,Bank Transfer,Completed
10162,2026-03-18,C1061,B2C,CZ-East,Online,Docking Station,Accessories,1.0,4067.0,2589.0,0.2,366.0,Bank Transfer,Cancelled
10163,2026-01-10,C1280,B2C,CZ-East,Online,Mouse,Accessories,3.0,1015.0,527.0,0.15,385.0,Invoice,Cancelled
10164,2026-05-29,C1237,B2B,CZ-East,Online,Executive Chair,Furniture,3.0,11630.0,7879.0,0.2,441.0,Card,Cancelled
10165,2026-01-20,C1260,B2B,SK-East,Sales Rep,Monitor 27,Electronics,5.0,8355.0,4885.0,0.2,377.0,Card,Cancelled
10166,2026-03-05,C1229,B2B,CZ-East,Sales Rep,Bookshelf,Furniture,4.0,5660.0,3541.0,0.2,492.0,Invoice,Completed
10167,2026-03-17,C1117,B2B,SK-East,Partner,Keyboard,Accessories,2.0,2042.0,937.0,0.1,192.0,Bank Transfer,Completed
10168,2026-03-08,C1199,B2C,SK-East,Partner,Laptop Pro 14,Electronics,2.0,25655.0,22994.0,0.0,294.0,Card,Completed
10169,2026-01-11,C1046,B2B,CZ-East,Sales Rep,Executive Chair,Furniture,3.0,11549.0,7423.0,0.05,356.0,Bank Transfer,Returned
10170,2026-04-17,C1033,B2B,CZ-East,Online,Monitor 34,Electronics,6.0,15760.0,9185.0,0.2,512.0,Bank Transfer,Completed
10171,2026-07-18,C1113,B2B,SK-West,Online,Desk 140,Furniture,6.0,8784.0,6049.0,0.0,516.0,Invoice,Completed
10172,2026-06-19,C1246,B2B,CZ-East,Sales Rep,Docking Station,Accessories,2.0,4365.0,2781.0,0.2,190.0,Bank Transfer,Completed
10173,2026-04-17,C1131,B2C,CZ-West,Partner,Laptop Pro 14,Electronics,7.0,23775.0,20332.0,0.0,227.0,Bank Transfer,Completed
10174,2026-06-01,C1084,B2B,SK-West,Online,Monitor 34,Electronics,5.0,14142.0,10712.0,0.0,277.0,Invoice,Returned
10175,2026-05-17,C1234,B2B,CZ-Central,Sales Rep,Desk 180,Furniture,6.0,14036.0,8859.0,0.15,333.0,Bank Transfer,Returned
10176,2026-07-15,C1013,B2C,CZ-East,Sales Rep,Desk 180,Furniture,7.0,12239.0,9064.0,0.1,326.0,Bank Transfer,Completed
10177,2026-06-06,C1039,B2C,CZ-Central,Sales Rep,Executive Chair,Furniture,3.0,12703.0,7596.0,0.1,293.0,Card,Completed
10178,2026-06-18,C1218,B2C,CZ-West,Partner,Webcam,Accessories,2.0,2646.0,1323.0,0.05,336.0,Invoice,Completed
10179,2026-03-17,C1143,B2C,CZ-East,Partner,Bookshelf,Furniture,6.0,5710.0,3525.0,0.0,317.0,Invoice,Completed
10180,2026-03-30,C1131,B2C,CZ-Central,Online,Laptop Air 13,Electronics,4.0,22324.0,15646.0,0.1,155.0,Bank Transfer,Completed
10181,2026-02-07,C1140,B2B,CZ-Central,Sales Rep,Monitor 27,Electronics,2.0,8136.0,4762.0,0.1,600.0,,Completed
10182,2026-05-28,C1109,B2B,SK-West,Sales Rep,Docking Station,Accessories,3.0,3697.0,2518.0,0.1,220.0,Card,Cancelled
10183,2026-07-29,C1184,B2C,CZ-West,Partner,Desk 140,Furniture,4.0,8775.0,6054.0,0.1,471.0,Card,Completed
10184,2026-04-09,C1296,B2B,SK-West,Online,Office Chair,Furniture,4.0,6407.0,3948.0,0.05,157.0,Card,Returned
10185,2026-06-28,C1298,B2C,CZ-Central,Partner,Laptop Air 13,Electronics,6.0,23893.0,16229.0,0.0,353.0,Bank Transfer,Completed
10186,2026-04-01,C1224,B2B,SK-West,Partner,Webcam,Accessories,3.0,2284.0,1329.0,0.0,101.0,Invoice,Completed
10187,2026-06-25,C1204,B2C,SK-East,Partner,Laptop Pro 14,Electronics,1.0,27637.0,22060.0,0.1,300.0,Card,Completed
10188,2026-07-29,C1001,B2B,SK-East,Sales Rep,,Furniture,6.0,12172.0,8674.0,0.35,343.0,Invoice,Completed
10189,2026-06-12,C1231,B2C,CZ-East,Sales Rep,Bookshelf,Furniture,5.0,5596.0,3296.0,0.0,324.0,Invoice,Cancelled
10190,2026-02-13,C1101,B2C,,Sales Rep,Laptop Pro 14,Electronics,2.0,28635.0,21871.0,0.0,303.0,Card,Completed
10191,2026-02-11,C1123,B2B,SK-East,Online,Monitor 27,Electronics,,7243.0,4907.0,0.05,218.0,Bank Transfer,Completed
10192,2026-02-21,C1124,B2B,CZ-West,Online,Docking Station,Accessories,7.0,4598.0,2585.0,0.1,479.0,Card,Completed
10193,2026-04-08,C1086,B2C,CZ-Central,Online,Docking Station,Accessories,2.0,4249.0,2676.0,0.1,360.0,Card,Completed
10194,2026-01-05,C1076,B2B,CZ-West,Online,Monitor 27,Electronics,7.0,8152.0,5806.0,0.15,365.0,Invoice,Completed
10195,2026-06-14,C1063,B2C,CZ-West,Partner,Docking Station,Accessories,2.0,4248.0,2822.0,0.15,543.0,Invoice,Completed
10196,2026-01-21,C1031,B2C,SK-East,Sales Rep,Keyboard,Accessories,5.0,1917.0,979.0,,472.0,Card,Cancelled
10197,2026-04-21,C1223,B2B,CZ-East,Partner,Monitor 27,Electronics,7.0,8138.0,4698.0,0.0,111.0,Bank Transfer,Completed
10198,2026-06-30,C1086,B2C,CZ-Central,Sales Rep,Executive Chair,Furniture,3.0,11404.0,7446.0,0.0,395.0,Invoice,Completed
10199,2026-06-16,C1288,B2B,SK-West,Sales Rep,Mouse,Accessories,4.0,1150.0,523.0,0.2,166.0,Bank Transfer,Completed
10200,2026-02-16,C1180,B2B,SK-West,Partner,Webcam,Accessories,1.0,2432.0,1300.0,0.0,222.0,Bank Transfer,Cancelled
10201,2026-03-05,C1231,B2C,CZ-West,Sales Rep,Bookshelf,Furniture,2.0,5057.0,3638.0,0.05,218.0,Card,Cancelled
10202,2026-03-09,C1225,B2B,SK-East,Sales Rep,Desk 180,Furniture,4.0,13851.0,8672.0,0.0,245.0,Bank Transfer,Cancelled
10203,2026-01-11,C1224,B2B,CZ-Central,Sales Rep,Paper Shredder,Office,3.0,3170.0,1795.0,0.1,345.0,Bank Transfer,Completed
10204,2026-06-17,C1032,B2C,CZ-Central,Partner,Bookshelf,Furniture,2.0,5016.0,3529.0,0.2,251.0,Invoice,Completed
10205,2026-04-10,C1134,B2B,CZ-Central,Partner,Laptop Air 13,Electronics,1.0,22241.0,17072.0,0.15,239.0,Bank Transfer,Completed
10206,2026-02-25,C1087,B2B,,Online,Monitor 27,Electronics,7.0,7960.0,5079.0,0.0,405.0,Card,Completed
10207,2026-01-15,C1296,B2B,SK-West,Online,Mouse,Accessories,1.0,1174.0,522.0,0.15,246.0,Bank Transfer,Completed
10208,2026-03-06,C1050,B2B,CZ-West,Online,Paper Shredder,Office,5.0,3159.0,1790.0,0.0,448.0,Bank Transfer,Returned
10209,2026-02-24,C1046,B2C,SK-East,Partner,Bookshelf,Furniture,3.0,6096.0,3571.0,0.0,414.0,Card,Cancelled
10210,2026-02-13,C1295,B2C,CZ-Central,Online,Bookshelf,Furniture,3.0,5900.0,3392.0,0.15,228.0,Bank Transfer,Completed
10211,2026-05-11,C1183,,SK-West,Sales Rep,Keyboard,Accessories,4.0,1782.0,983.0,0.1,211.0,Card,Returned
10212,2026-01-11,C1231,B2B,SK-East,Partner,Docking Station,Accessories,3.0,3893.0,2791.0,0.0,713.0,Bank Transfer,Completed
10213,2026-06-09,C1141,B2C,CZ-East,Sales Rep,Laptop Pro 14,Electronics,7.0,31858.0,22358.0,0.15,131.0,Bank Transfer,Cancelled
10214,2026-01-26,C1167,B2B,SK-East,Partner,Bookshelf,Furniture,1.0,5632.0,3159.0,0.15,416.0,Bank Transfer,Completed
10215,2026-02-07,C1065,B2C,SK-West,Partner,Executive Chair,Furniture,3.0,10716.0,7598.0,0.0,278.0,Card,Completed
10216,2026-07-24,C1118,B2C,CZ-Central,Sales Rep,Executive Chair,Furniture,2.0,11498.0,7465.0,0.05,382.0,Card,Returned
10217,2026-02-18,C1271,B2C,CZ-Central,Partner,Monitor 27,Electronics,2.0,7900.0,5208.0,0.15,47.0,Card,Completed
10218,2026-05-24,C1102,B2C,SK-West,Partner,Monitor 34,Electronics,2.0,13515.0,10060.0,0.2,388.0,Bank Transfer,Cancelled
10219,2026-02-12,C1158,B2B,SK-East,Partner,Keyboard,Accessories,3.0,1800.0,1006.0,0.0,538.0,Invoice,Completed
10220,2026-07-21,C1172,B2C,CZ-East,Sales Rep,Bookshelf,Furniture,2.0,5225.0,3558.0,0.05,332.0,Invoice,Returned
10221,2026-03-12,C1099,B2B,CZ-Central,Online,Printer,Office,3.0,6905.0,4865.0,0.15,137.0,Invoice,Cancelled
10222,2026-02-07,C1206,B2B,CZ-West,Online,Executive Chair,Furniture,1.0,12372.0,7405.0,0.05,278.0,Invoice,Completed
10223,2026-01-05,C1254,,CZ-West,Sales Rep,Printer,Office,1.0,7063.0,4437.0,0.0,168.0,Invoice,Completed
10224,2026-01-27,C1269,B2B,SK-East,Sales Rep,Paper Shredder,Office,1.0,3160.0,1952.0,0.05,353.0,Card,Returned
10225,2026-05-06,C1285,B2C,CZ-Central,Partner,Monitor 27,Electronics,7.0,7033.0,5352.0,0.0,520.0,Card,Completed
10226,2026-04-12,C1189,B2C,CZ-East,Partner,Mouse,Accessories,5.0,1107.0,478.0,0.05,171.0,Card,Returned
10227,2026-01-22,C1142,B2C,CZ-East,Online,Laptop Pro 14,Electronics,7.0,26929.0,19554.0,0.0,239.0,Bank Transfer,Completed
10228,2026-01-30,C1091,B2C,CZ-East,Partner,Monitor 27,Electronics,6.0,7637.0,5423.0,0.15,302.0,Bank Transfer,Completed
10229,2026-06-10,C1291,B2B,SK-East,Online,Paper Shredder,Office,6.0,3284.0,1841.0,0.05,397.0,Bank Transfer,Cancelled
10230,2026-04-12,C1210,B2C,CZ-West,Partner,Desk 140,Furniture,3.0,9448.0,6023.0,0.1,167.0,Bank Transfer,Completed
10231,2026-04-18,C1093,B2B,CZ-Central,Partner,Desk 180,Furniture,4.0,12449.0,8538.0,0.0,423.0,Bank Transfer,Completed
10232,2026-04-20,C1235,B2B,CZ-East,Sales Rep,Webcam,Accessories,6.0,2206.0,1383.0,0.0,157.0,Bank Transfer,Cancelled
10233,2026-02-24,C1207,B2C,CZ-Central,Online,Laptop Air 13,Electronics,1.0,19035.0,16151.0,0.0,215.0,Card,Completed
10234,2026-06-08,C1095,B2C,CZ-West,Sales Rep,Office Chair,Furniture,6.0,6291.0,3623.0,0.15,350.0,Invoice,Cancelled
10235,2026-05-17,C1034,B2B,SK-West,Online,Monitor 34,Electronics,2.0,14037.0,9549.0,0.0,287.0,Card,Completed
10236,2026-04-06,C1127,B2B,SK-West,Sales Rep,Keyboard,Accessories,1.0,1851.0,1011.0,0.05,277.0,Card,Completed
10237,2026-05-17,C1032,B2C,SK-East,Online,Keyboard,Accessories,6.0,1925.0,1042.0,0.0,344.0,Bank Transfer,Cancelled
10238,2026-02-13,C1221,B2B,CZ-West,Partner,Office Chair,Furniture,5.0,6092.0,3931.0,0.0,207.0,Invoice,Cancelled
10239,2026-01-05,C1180,B2B,SK-East,Partner,Keyboard,Accessories,7.0,1910.0,995.0,0.1,307.0,Invoice,Returned
10240,2026-03-18,C1057,B2B,CZ-West,Sales Rep,Laptop Pro 14,Electronics,4.0,29653.0,21616.0,0.0,477.0,Card,Cancelled
10241,2026-03-10,C1143,B2C,CZ-East,Online,Office Chair,Furniture,1.0,6861.0,4003.0,0.0,342.0,Card,Completed
10242,2026-01-02,C1217,B2C,CZ-West,Sales Rep,Docking Station,Accessories,7.0,4204.0,2615.0,0.0,310.0,Card,Completed
10243,2026-06-29,C1116,B2B,CZ-West,Sales Rep,Docking Station,Accessories,7.0,4080.0,2841.0,0.0,412.0,Bank Transfer,Completed
10244,2026-05-31,C1120,B2B,CZ-Central,Partner,Monitor 34,Electronics,5.0,14731.0,9410.0,0.0,449.0,Bank Transfer,Completed
10245,2026-03-17,C1255,B2C,CZ-West,Sales Rep,Desk 140,Furniture,1.0,9253.0,6221.0,0.15,163.0,Bank Transfer,Completed
10246,2026-07-20,C1045,B2C,CZ-East,Partner,Laptop Air 13,Electronics,2.0,22382.0,16783.0,0.2,67.0,Invoice,Cancelled
10247,2026-03-13,C1048,B2B,CZ-West,Online,Office Chair,Furniture,4.0,6341.0,3852.0,0.0,455.0,Invoice,Completed
10248,2026-02-24,C1081,B2B,SK-East,Sales Rep,Monitor 34,Electronics,1.0,12727.0,9025.0,0.0,328.0,Bank Transfer,Completed
10249,2026-03-13,C1098,B2C,SK-East,Sales Rep,Webcam,Accessories,3.0,2459.0,1320.0,0.0,342.0,Invoice,Completed
10250,2026-06-17,C1143,B2C,CZ-West,Sales Rep,Office Chair,Furniture,4.0,5966.0,3973.0,0.1,408.0,Card,Returned
10251,2026-06-19,C1092,B2B,CZ-West,Online,Desk 180,Furniture,6.0,12277.0,8256.0,0.2,356.0,Bank Transfer,Completed
10252,2026-05-21,C1225,B2B,SK-East,Sales Rep,Laptop Pro 14,Electronics,6.0,28012.0,22599.0,0.15,208.0,Invoice,Completed
10253,2026-04-05,C1079,B2C,SK-East,Partner,Desk 140,Furniture,4.0,9161.0,6037.0,0.15,,Bank Transfer,Returned
10254,2026-06-05,C1230,B2B,SK-West,Sales Rep,Keyboard,Accessories,4.0,1808.0,983.0,0.05,347.0,Bank Transfer,Completed
10255,2026-06-23,C1077,B2B,CZ-West,Partner,Office Chair,Furniture,7.0,7070.0,3841.0,0.2,208.0,Bank Transfer,Completed
10256,2026-02-17,C1105,B2C,CZ-Central,Partner,Monitor 27,Electronics,6.0,8497.0,5180.0,0.15,699.0,Card,Completed
10257,2026-05-06,C1244,B2B,CZ-West,Sales Rep,Mouse,Accessories,2.0,1076.0,523.0,0.0,422.0,Invoice,Completed
10258,2026-02-24,C1141,B2B,SK-West,Online,Paper Shredder,Office,2.0,3264.0,1838.0,0.1,216.0,Invoice,Cancelled
10259,2026-04-06,C1261,B2C,SK-East,Sales Rep,Bookshelf,Furniture,3.0,5813.0,3585.0,0.0,714.0,Invoice,Completed
10260,2026-03-10,C1257,B2B,CZ-East,Partner,Keyboard,Accessories,3.0,1777.0,968.0,0.0,367.0,Bank Transfer,Completed
10261,2026-01-09,C1196,B2C,SK-West,Sales Rep,Executive Chair,Furniture,1.0,13414.0,7671.0,0.0,180.0,Invoice,Completed
10262,2026-06-28,C1140,B2B,CZ-East,Online,Monitor 27,Electronics,3.0,8853.0,5314.0,0.0,190.0,Bank Transfer,Completed
10263,2026-02-11,C1078,B2C,SK-West,Online,Monitor 27,Electronics,5.0,7907.0,5155.0,0.0,244.0,Bank Transfer,Completed
10264,2026-02-25,C1213,B2B,SK-East,Partner,Executive Chair,Furniture,7.0,11690.0,7461.0,0.1,406.0,Bank Transfer,Cancelled
10265,2026-04-07,C1027,B2B,SK-West,Partner,Printer,Office,1.0,6541.0,4703.0,0.1,306.0,Invoice,Completed
10266,2026-07-14,C1029,B2C,SK-West,Online,,Furniture,5.0,8946.0,5906.0,0.15,353.0,Card,Cancelled
10267,2026-05-17,C1126,B2C,,Sales Rep,Bookshelf,Furniture,4.0,5238.0,3320.0,0.1,191.0,Invoice,Returned
10268,2026-01-18,C1064,B2B,SK-West,Online,Bookshelf,Furniture,2.0,5498.0,3672.0,0.1,125.0,Invoice,Completed
10269,2026-06-02,C1012,B2B,CZ-East,Online,Laptop Air 13,Electronics,5.0,21828.0,17165.0,0.35,308.0,Bank Transfer,Cancelled
10270,2026-01-20,C1185,B2C,SK-East,Online,Docking Station,Accessories,3.0,4284.0,2727.0,0.05,397.0,Bank Transfer,Completed
10271,2026-02-07,C1105,B2C,SK-East,Partner,Laptop Pro 14,Electronics,6.0,30269.0,21921.0,0.1,62.0,Card,Cancelled
10272,2026-01-06,C1036,B2B,CZ-West,Sales Rep,Laptop Air 13,Electronics,3.0,23094.0,16483.0,0.2,141.0,Bank Transfer,Completed
10273,2026-05-02,C1113,B2B,SK-East,Partner,Printer,Office,2.0,7357.0,4752.0,,371.0,Bank Transfer,Completed
10274,2026-05-18,C1002,B2C,CZ-West,Online,Executive Chair,Furniture,1.0,12219.0,7947.0,,260.0,Invoice,Cancelled
10275,2026-06-25,C1026,B2B,CZ-East,Partner,Desk 180,Furniture,1.0,12663.0,8725.0,0.15,0.0,Bank Transfer,Completed
10276,2026-07-06,C1283,B2B,CZ-Central,Sales Rep,Bookshelf,Furniture,4.0,5604.0,3681.0,0.0,436.0,Card,Cancelled
10277,2026-05-20,C1205,B2B,,Sales Rep,Laptop Air 13,Electronics,7.0,21521.0,16666.0,0.0,282.0,Card,Returned
10278,2026-06-10,C1172,B2B,CZ-East,Partner,Keyboard,Accessories,,1628.0,1000.0,0.15,526.0,Invoice,Cancelled
10279,2026-02-19,C1045,B2B,CZ-West,Sales Rep,Laptop Air 13,Electronics,4.0,21856.0,16078.0,0.1,707.0,Invoice,Completed
10280,2026-06-28,C1059,B2C,SK-East,Online,Laptop Air 13,Electronics,5.0,21650.0,15052.0,0.0,434.0,,Completed
10281,2026-01-27,C1166,B2B,SK-East,Online,Office Chair,Furniture,3.0,6442.0,3997.0,0.1,348.0,Card,Completed
10282,2026-06-06,C1149,B2B,CZ-West,Sales Rep,Executive Chair,Furniture,3.0,12763.0,8078.0,0.1,180.0,Invoice,Completed
10283,2026-01-23,C1071,B2B,CZ-West,Partner,Mouse,Accessories,3.0,1074.0,502.0,0.2,166.0,Invoice,Cancelled
10284,2026-02-02,C1078,B2C,CZ-West,Partner,Laptop Air 13,Electronics,7.0,18695.0,16731.0,0.1,326.0,Invoice,Returned
10285,2026-05-04,C1096,B2B,CZ-East,Partner,Paper Shredder,Office,4.0,,1853.0,0.05,414.0,Invoice,Completed
10286,2026-04-15,C1017,B2B,CZ-East,Sales Rep,Webcam,Accessories,2.0,2161.0,1316.0,0.05,158.0,Invoice,Completed
10287,2026-05-03,C1197,B2C,,Online,Bookshelf,Furniture,3.0,5929.0,3539.0,0.1,199.0,Card,Cancelled
10288,2026-07-25,C1004,B2C,SK-East,Partner,Office Chair,Furniture,7.0,6001.0,3759.0,0.05,82.0,Bank Transfer,Completed
10289,2026-05-05,C1101,B2B,CZ-Central,Online,Webcam,Accessories,3.0,2489.0,1179.0,0.1,281.0,,Returned
10290,2026-03-20,C1283,B2B,CZ-Central,Sales Rep,Monitor 27,Electronics,2.0,8899.0,5080.0,0.05,575.0,Card,Returned
10291,2026-03-22,C1231,B2C,SK-East,Partner,Printer,Office,6.0,6503.0,4515.0,0.0,459.0,Invoice,Completed
10292,2026-07-28,C1188,B2C,SK-West,Partner,Office Chair,Furniture,4.0,6475.0,4028.0,0.05,267.0,Bank Transfer,Returned
10293,2026-02-28,C1015,B2C,CZ-East,Partner,Desk 180,Furniture,6.0,13319.0,8605.0,0.05,333.0,Bank Transfer,Cancelled
10294,2026-02-23,C1274,B2C,SK-East,Online,,Electronics,1.0,20245.0,15539.0,0.0,154.0,Bank Transfer,Completed
10295,2026-04-29,C1110,B2B,SK-East,Partner,Mouse,Accessories,6.0,1101.0,510.0,0.0,366.0,Invoice,Completed
10296,2026-04-24,C1272,B2C,CZ-West,Partner,Desk 140,Furniture,5.0,9013.0,6286.0,0.0,574.0,Card,Completed
10297,2026-01-03,C1152,B2B,SK-East,Sales Rep,Keyboard,Accessories,6.0,1912.0,1013.0,0.0,320.0,Card,Completed
10298,2026-07-16,C1097,B2B,CZ-East,Partner,Keyboard,Accessories,3.0,2024.0,1067.0,0.05,13.0,Invoice,Completed
10299,2026-02-25,C1139,B2B,CZ-East,Partner,Monitor 34,Electronics,2.0,14304.0,10277.0,0.1,533.0,Bank Transfer,Completed
10300,2026-04-11,C1197,B2C,SK-West,Partner,Mouse,Accessories,1.0,1213.0,524.0,0.2,337.0,Bank Transfer,Returned
10301,2026-04-25,C1185,B2B,CZ-West,Online,Mouse,Accessories,2.0,1086.0,557.0,0.0,396.0,Invoice,Completed
10302,2026-06-01,C1060,B2B,CZ-West,Sales Rep,Laptop Air 13,Electronics,2.0,21808.0,16156.0,0.0,244.0,Invoice,Returned
10303,2026-07-07,C1195,B2C,SK-East,Sales Rep,Desk 140,Furniture,6.0,9458.0,5889.0,0.0,406.0,Invoice,Completed
10304,2026-06-25,C1138,B2C,SK-East,Online,Docking Station,Accessories,5.0,4398.0,2695.0,0.0,276.0,Invoice,Completed
10305,2026-03-15,C1265,B2B,CZ-East,Online,Laptop Pro 14,Electronics,3.0,28148.0,19615.0,0.1,267.0,Card,Completed
10306,2026-04-28,C1175,B2C,SK-East,Sales Rep,Printer,Office,,7049.0,4709.0,0.2,556.0,Card,Completed
10307,2026-04-28,C1102,B2C,SK-East,Sales Rep,Desk 180,Furniture,3.0,13263.0,9709.0,0.0,526.0,Bank Transfer,Returned
10308,2026-02-08,C1213,B2C,SK-East,Partner,Office Chair,Furniture,4.0,5841.0,4098.0,0.15,181.0,Invoice,Completed
10309,2026-07-01,C1087,B2B,SK-East,Online,Keyboard,Accessories,2.0,1909.0,1035.0,0.1,407.0,Invoice,Completed
10310,2026-02-19,C1122,B2C,CZ-East,Online,Docking Station,Accessories,6.0,3795.0,2611.0,0.15,360.0,Invoice,Completed
10311,2026-06-26,C1118,B2B,SK-East,Sales Rep,Keyboard,Accessories,5.0,1923.0,1026.0,0.05,181.0,Card,Returned
10312,2026-03-23,C1092,B2C,CZ-Central,Sales Rep,Executive Chair,Furniture,4.0,12488.0,7417.0,0.0,60.0,Card,Completed
10313,2026-06-21,C1223,B2B,CZ-East,Sales Rep,Bookshelf,Furniture,5.0,5370.0,3404.0,0.15,350.0,Card,Returned
10314,2026-03-17,C1116,B2B,CZ-West,Partner,Bookshelf,Furniture,2.0,5326.0,3494.0,0.05,182.0,Card,Cancelled
10315,2026-07-03,C1049,B2C,SK-West,Partner,Office Chair,Furniture,2.0,6649.0,3849.0,0.0,,Bank Transfer,Completed
10316,2026-06-03,C1105,B2B,,Sales Rep,Mouse,Accessories,6.0,1037.0,550.0,0.15,550.0,Invoice,Cancelled
10317,2026-02-21,C1074,B2C,SK-East,Sales Rep,Laptop Air 13,Electronics,3.0,22114.0,17244.0,0.0,317.0,Card,Completed
10318,2026-04-19,C1076,B2C,SK-East,Partner,Executive Chair,Furniture,4.0,12221.0,7293.0,0.0,271.0,Card,Completed
10319,2026-03-24,C1267,B2C,CZ-Central,Sales Rep,Monitor 27,Electronics,4.0,7891.0,5064.0,0.05,521.0,Bank Transfer,Returned
10320,2026-01-12,C1160,B2B,CZ-Central,Partner,Monitor 27,Electronics,4.0,8642.0,5306.0,0.0,384.0,Invoice,Completed
10321,2026-06-14,C1061,B2B,SK-West,Sales Rep,Office Chair,Furniture,2.0,6253.0,3626.0,0.0,500.0,Invoice,Completed
10322,2026-04-30,C1170,,CZ-East,Sales Rep,Laptop Air 13,Electronics,7.0,21419.0,17318.0,0.1,389.0,Invoice,Cancelled
10323,2026-01-22,C1094,B2B,SK-East,Partner,Desk 140,Furniture,5.0,9346.0,6389.0,0.0,295.0,Invoice,Completed
10324,2026-03-04,C1196,B2C,CZ-East,Sales Rep,Monitor 27,Electronics,6.0,7876.0,5347.0,0.1,160.0,Card,Completed
10325,2026-01-29,C1035,B2C,SK-West,Online,Office Chair,Furniture,4.0,5796.0,3927.0,0.0,77.0,Invoice,Returned
10326,2026-05-02,C1067,B2C,SK-East,Partner,Executive Chair,Furniture,7.0,11779.0,8160.0,0.0,156.0,Card,Completed
10327,2026-05-12,C1105,B2C,CZ-West,Sales Rep,Office Chair,Furniture,6.0,5849.0,3863.0,0.2,515.0,Bank Transfer,Completed
10328,2026-02-28,C1006,B2B,CZ-Central,Partner,Laptop Air 13,Electronics,2.0,23240.0,17161.0,0.0,254.0,Card,Returned
10329,2026-01-09,C1008,B2B,SK-East,Partner,Docking Station,Accessories,4.0,3792.0,2712.0,0.05,152.0,Card,Returned
10330,2026-05-09,C1073,B2B,SK-East,Partner,Desk 180,Furniture,1.0,12362.0,8324.0,0.1,444.0,Bank Transfer,Returned
10331,2026-02-16,C1135,B2C,SK-West,Sales Rep,Laptop Air 13,Electronics,7.0,22912.0,17035.0,0.1,286.0,Card,Completed
10332,2026-05-09,C1227,B2B,CZ-Central,Sales Rep,Mouse,Accessories,1.0,1069.0,530.0,0.0,531.0,Invoice,Completed
10333,2026-01-14,C1230,B2B,CZ-Central,Sales Rep,Executive Chair,Furniture,1.0,11908.0,7583.0,0.0,257.0,Invoice,Completed
10334,2026-04-08,C1064,B2B,CZ-East,Online,Webcam,Accessories,5.0,2558.0,1335.0,0.0,284.0,Bank Transfer,Completed
10335,2026-01-27,C1123,B2C,CZ-East,Online,Printer,Office,6.0,6493.0,4539.0,0.0,562.0,Card,Completed
10336,2026-07-13,C1161,B2B,CZ-West,Online,Monitor 34,Electronics,1.0,13371.0,9657.0,0.0,245.0,Card,Completed
10337,2026-04-26,C1098,B2B,CZ-West,Partner,Keyboard,Accessories,3.0,1996.0,920.0,0.35,415.0,Card,Completed
10338,2026-07-05,C1117,B2C,CZ-East,Online,Monitor 27,Electronics,7.0,8812.0,4854.0,0.2,192.0,Invoice,Completed
10339,2026-03-30,C1115,B2C,SK-West,Online,Executive Chair,Furniture,1.0,12296.0,7670.0,0.2,331.0,Invoice,Completed
10340,2026-03-27,C1045,B2C,CZ-West,Sales Rep,Laptop Pro 14,Electronics,7.0,27748.0,20505.0,0.0,233.0,Card,Completed
10341,2026-02-21,C1256,B2C,CZ-West,Online,Printer,Office,2.0,7001.0,4545.0,0.2,311.0,Invoice,Completed
10342,2026-02-05,C1154,B2C,CZ-East,Online,Laptop Pro 14,Electronics,5.0,29997.0,20729.0,0.35,168.0,Invoice,Completed
10343,2026-07-05,C1200,B2C,CZ-West,Online,,Furniture,7.0,11473.0,8659.0,0.0,55.0,Invoice,Cancelled
10344,2026-01-28,C1161,B2C,CZ-West,Partner,Monitor 34,Electronics,6.0,13207.0,9955.0,0.0,445.0,Bank Transfer,Cancelled
10345,2026-02-02,C1233,B2C,CZ-West,Sales Rep,Paper Shredder,Office,1.0,3227.0,1870.0,0.05,206.0,Card,Completed
10346,2026-05-24,C1033,B2B,SK-East,Sales Rep,Monitor 34,Electronics,7.0,13347.0,9540.0,0.0,457.0,Bank Transfer,Completed
10347,2026-03-01,C1172,B2B,SK-East,Partner,Printer,Office,2.0,7323.0,4599.0,0.05,326.0,Bank Transfer,Completed
10348,2026-02-10,C1248,B2B,SK-West,Online,Printer,Office,5.0,6699.0,5055.0,0.15,7.0,Invoice,Completed
10349,2026-01-14,C1072,B2C,SK-West,Partner,Monitor 27,Electronics,6.0,8332.0,5050.0,0.0,142.0,Invoice,Completed
10350,2026-07-11,C1256,B2C,SK-West,Online,Keyboard,Accessories,4.0,1932.0,927.0,0.05,216.0,Bank Transfer,Returned
10351,2026-05-05,C1073,B2C,CZ-West,Online,Desk 140,Furniture,4.0,7956.0,6447.0,0.1,215.0,Card,Returned
10352,2026-02-24,C1262,B2C,SK-West,Partner,Bookshelf,Furniture,3.0,5556.0,3532.0,0.1,379.0,Card,Completed
10353,2026-03-10,C1070,B2B,CZ-Central,Sales Rep,Executive Chair,Furniture,4.0,11666.0,6835.0,0.0,177.0,Card,Completed
10354,2026-06-28,C1111,B2B,CZ-Central,Online,Keyboard,Accessories,7.0,1755.0,979.0,0.1,217.0,Card,Cancelled
10355,2026-05-29,C1185,B2B,SK-East,Partner,Laptop Air 13,Electronics,6.0,21857.0,17074.0,0.05,316.0,Invoice,Completed
10356,2026-03-23,C1236,B2B,CZ-Central,Partner,Docking Station,Accessories,,3861.0,2615.0,0.05,235.0,Bank Transfer,Completed
10357,2026-05-17,C1234,B2C,CZ-Central,Online,Printer,Office,1.0,6353.0,4616.0,0.0,542.0,Bank Transfer,Returned
10358,2026-01-30,C1195,B2B,CZ-West,Partner,Docking Station,Accessories,2.0,4185.0,2958.0,0.0,213.0,Card,Completed
10359,2026-01-04,C1289,B2C,CZ-Central,Online,Keyboard,Accessories,4.0,1978.0,1057.0,0.15,283.0,Bank Transfer,Completed
10360,2026-06-12,C1245,B2C,CZ-East,Online,Desk 140,Furniture,2.0,9295.0,6676.0,0.05,261.0,Invoice,Completed
10361,2026-04-06,C1164,B2C,CZ-West,Online,Docking Station,Accessories,6.0,4295.0,2479.0,0.2,530.0,Card,Completed
10362,2026-05-10,C1211,B2C,CZ-Central,Sales Rep,Mouse,Accessories,2.0,1064.0,535.0,0.0,202.0,Card,Returned
10363,2026-03-11,C1193,B2B,SK-West,Sales Rep,Executive Chair,Furniture,5.0,12679.0,7748.0,0.0,,Bank Transfer,Completed
10364,2026-04-10,C1195,B2B,SK-East,Online,Docking Station,Accessories,5.0,3976.0,2647.0,0.0,268.0,Invoice,Completed
10365,2026-04-06,C1057,B2C,,Online,Bookshelf,Furniture,1.0,5286.0,3374.0,0.0,257.0,Bank Transfer,Completed
10366,2026-04-24,C1168,B2B,CZ-West,Partner,Paper Shredder,Office,1.0,3139.0,1990.0,0.1,666.0,Card,Completed
10367,2026-03-05,C1051,B2B,SK-West,Online,Laptop Pro 14,Electronics,5.0,32501.0,20676.0,0.15,349.0,Invoice,Completed
10368,2026-03-04,C1118,B2B,CZ-East,Online,Printer,Office,2.0,6896.0,4376.0,0.0,467.0,Card,Completed
10369,2026-01-12,C1274,B2B,SK-West,Online,Printer,Office,6.0,7206.0,4482.0,0.2,342.0,Bank Transfer,Completed
10370,2026-02-18,C1197,B2C,CZ-West,Partner,Desk 180,Furniture,1.0,12293.0,9550.0,0.05,506.0,Bank Transfer,Cancelled
10371,2026-05-23,C1012,B2C,,Partner,Office Chair,Furniture,3.0,6491.0,4064.0,0.0,326.0,Card,Returned
10372,2026-06-23,C1043,B2B,CZ-East,Online,Office Chair,Furniture,2.0,6287.0,4090.0,0.1,429.0,Card,Completed
10373,2026-01-06,C1166,B2C,CZ-West,Sales Rep,Desk 140,Furniture,2.0,8233.0,6181.0,0.0,416.0,Card,Completed
10374,2026-04-23,C1254,B2B,CZ-West,Online,Paper Shredder,Office,6.0,3279.0,1845.0,0.05,414.0,Card,Completed
10375,2026-01-23,C1028,B2C,CZ-West,Partner,Monitor 34,Electronics,7.0,14956.0,10218.0,0.1,596.0,Invoice,Completed
10376,2026-05-09,C1010,B2C,CZ-Central,Partner,Mouse,Accessories,1.0,1117.0,512.0,0.0,437.0,Card,Completed
10377,2026-06-19,C1203,B2B,CZ-West,Online,Bookshelf,Furniture,7.0,5741.0,3481.0,0.05,211.0,Bank Transfer,Completed
10378,2026-04-19,C1215,B2B,SK-West,Partner,Laptop Air 13,Electronics,2.0,21832.0,16759.0,0.0,415.0,Invoice,Completed
10379,2026-07-13,C1089,B2C,SK-East,Online,Desk 180,Furniture,6.0,11980.0,9279.0,0.0,457.0,Bank Transfer,Completed
10380,2026-04-18,C1026,B2B,SK-East,Online,Webcam,Accessories,4.0,2426.0,1333.0,0.0,182.0,Card,Completed
10381,2026-01-10,C1023,B2B,CZ-Central,Sales Rep,Monitor 27,Electronics,1.0,7435.0,5050.0,0.0,129.0,Card,Cancelled
10382,2026-03-14,C1207,B2C,CZ-East,Partner,Bookshelf,Furniture,7.0,5561.0,3648.0,0.05,291.0,Bank Transfer,Returned
10383,2026-04-12,C1160,B2B,CZ-Central,Online,Monitor 27,Electronics,3.0,8424.0,5289.0,0.1,387.0,Card,Completed
10384,2026-06-26,C1138,B2B,SK-West,Partner,Monitor 27,Electronics,5.0,7871.0,5346.0,0.0,462.0,Invoice,Completed
10385,2026-04-14,C1146,B2B,CZ-West,Online,Executive Chair,Furniture,2.0,12919.0,7626.0,0.05,62.0,Invoice,Completed
10386,2026-04-04,C1096,B2B,CZ-West,Partner,Keyboard,Accessories,,1970.0,923.0,0.0,531.0,Invoice,Cancelled
10387,2026-04-25,C1184,B2B,CZ-West,Partner,Office Chair,Furniture,6.0,6476.0,4042.0,0.1,476.0,Card,Completed
10388,2026-07-24,C1279,B2B,CZ-West,Partner,Laptop Pro 14,Electronics,4.0,29484.0,20678.0,0.05,442.0,Invoice,Completed
10389,2026-02-16,C1283,B2B,CZ-Central,Sales Rep,Executive Chair,Furniture,1.0,11636.0,7704.0,0.0,550.0,Bank Transfer,Completed
10390,2026-06-19,C1057,B2B,SK-West,Sales Rep,Paper Shredder,Office,3.0,3263.0,2023.0,0.15,375.0,Bank Transfer,Returned
10391,2026-06-17,C1176,B2C,CZ-West,Online,Printer,Office,1.0,6765.0,4667.0,0.0,52.0,Card,Completed
10392,2026-03-04,C1258,B2B,CZ-West,Sales Rep,Office Chair,Furniture,3.0,6051.0,4172.0,0.1,242.0,Card,Completed
10393,2026-05-06,C1094,B2B,CZ-East,Online,Printer,Office,,6732.0,4507.0,0.05,359.0,Invoice,Completed
10394,2026-07-02,C1197,B2C,CZ-East,Sales Rep,Laptop Pro 14,Electronics,6.0,,21348.0,0.0,341.0,Card,Cancelled
10395,2026-03-02,C1259,B2C,CZ-East,Partner,Laptop Pro 14,Electronics,1.0,29795.0,21815.0,0.0,179.0,Invoice,Completed
10396,2026-01-30,C1074,B2C,SK-East,Partner,Docking Station,Accessories,2.0,4235.0,2817.0,0.2,297.0,Invoice,Completed
10397,2026-01-24,C1207,B2B,SK-East,Online,Desk 180,Furniture,1.0,13028.0,9177.0,0.15,360.0,Invoice,Returned
10398,2026-03-28,C1299,B2B,,Sales Rep,Printer,Office,4.0,6908.0,,0.0,264.0,Bank Transfer,Completed
10399,2026-03-04,C1069,B2B,SK-East,Sales Rep,Office Chair,Furniture,5.0,5594.0,3846.0,0.0,556.0,Bank Transfer,Completed
10400,2026-01-24,C1207,B2C,CZ-East,Partner,Desk 140,Furniture,3.0,8995.0,6232.0,0.0,329.0,Invoice,Completed
10401,2026-04-28,C1295,B2B,CZ-West,Sales Rep,Monitor 27,Electronics,7.0,7605.0,5091.0,0.0,343.0,Bank Transfer,Completed
10402,2026-06-09,C1006,B2C,SK-West,Partner,Monitor 34,Electronics,2.0,14305.0,9298.0,0.15,280.0,Card,Completed
10403,2026-06-22,C1207,B2C,SK-West,Online,Webcam,Accessories,1.0,2316.0,1300.0,0.0,408.0,Invoice,Completed
10404,2026-01-07,C1115,B2B,SK-West,Partner,Paper Shredder,Office,1.0,3262.0,2043.0,0.1,310.0,Card,Returned
10405,2026-05-11,C1090,B2C,CZ-East,Sales Rep,Laptop Air 13,Electronics,3.0,20489.0,15267.0,0.0,173.0,Bank Transfer,Completed
10406,2026-05-25,C1085,B2B,CZ-Central,Partner,Executive Chair,Furniture,4.0,10573.0,7450.0,0.2,435.0,Card,Cancelled
10407,2026-04-29,C1209,B2C,CZ-West,Partner,Paper Shredder,Office,4.0,3521.0,1938.0,0.05,104.0,Invoice,Completed
10408,2026-03-19,C1124,B2C,SK-East,Sales Rep,Desk 140,Furniture,1.0,8709.0,5830.0,0.1,336.0,Invoice,Completed
10409,2026-01-01,C1193,B2C,SK-West,Sales Rep,Mouse,Accessories,5.0,1170.0,500.0,0.05,373.0,Card,Completed
10410,2026-05-07,C1274,B2C,SK-East,Online,Webcam,Accessories,5.0,2169.0,1373.0,0.15,,Card,Completed
10411,2026-06-10,C1156,B2C,CZ-East,Partner,Printer,Office,4.0,7697.0,5073.0,0.0,329.0,Card,Cancelled
10412,2026-03-21,C1001,B2B,SK-West,Partner,Monitor 27,Electronics,6.0,8364.0,5088.0,0.0,99.0,Card,Returned
10413,2026-02-17,C1177,B2C,SK-East,Sales Rep,Desk 140,Furniture,5.0,9026.0,5870.0,,428.0,Card,Completed
10414,2026-05-18,C1137,B2C,SK-West,Sales Rep,Keyboard,Accessories,4.0,1956.0,,0.0,55.0,Card,Completed
10415,2026-04-20,C1087,B2B,CZ-East,Sales Rep,Monitor 27,Electronics,2.0,8161.0,4928.0,0.15,21.0,Invoice,Completed
10416,2026-01-16,C1004,B2B,CZ-East,Partner,Office Chair,Furniture,7.0,6531.0,4052.0,0.1,442.0,Card,Completed
10417,2026-06-10,C1042,B2B,SK-East,Sales Rep,Monitor 27,Electronics,7.0,7325.0,5001.0,0.0,354.0,Card,Returned
10418,2026-02-02,C1119,B2C,SK-East,Partner,Bookshelf,Furniture,1.0,5522.0,3583.0,0.0,505.0,Invoice,Completed
10419,2026-04-12,C1233,B2B,CZ-West,Online,Laptop Air 13,Electronics,6.0,22488.0,16758.0,0.0,391.0,Card,Completed
10420,2026-04-30,C1079,B2B,CZ-West,Sales Rep,Webcam,Accessories,7.0,2382.0,1319.0,0.0,383.0,Invoice,Completed
10421,2026-07-16,C1001,B2B,SK-West,Sales Rep,Docking Station,Accessories,6.0,4121.0,2529.0,0.0,540.0,Card,Completed
10422,2026-01-04,C1252,B2B,CZ-Central,Partner,Desk 140,Furniture,7.0,9734.0,6054.0,0.0,369.0,Bank Transfer,Completed
10423,2026-02-28,C1135,B2B,SK-West,Partner,Monitor 34,Electronics,6.0,13221.0,9869.0,0.05,298.0,Bank Transfer,Completed
10424,2026-02-12,C1091,B2B,CZ-East,Partner,Monitor 27,Electronics,1.0,8397.0,5042.0,0.0,216.0,Card,Completed
10425,2026-06-18,C1160,B2B,CZ-West,Partner,Monitor 34,Electronics,4.0,13724.0,9961.0,0.1,204.0,Invoice,Completed
10426,2026-02-19,C1273,B2B,CZ-East,Online,Mouse,Accessories,3.0,1191.0,555.0,0.0,153.0,Invoice,Completed
10427,2026-01-18,C1047,B2B,SK-East,Online,Paper Shredder,Office,4.0,3186.0,1854.0,0.0,368.0,Invoice,Completed
10428,2026-02-22,C1264,B2B,SK-East,Sales Rep,Monitor 34,Electronics,3.0,15613.0,9831.0,0.0,363.0,Invoice,Completed
10429,2026-03-14,C1237,B2C,CZ-West,Online,Laptop Pro 14,Electronics,7.0,28814.0,22553.0,0.05,383.0,Invoice,Completed
10430,2026-07-28,C1111,B2C,SK-West,Sales Rep,Monitor 27,Electronics,3.0,7059.0,5490.0,0.0,658.0,Bank Transfer,Completed
10431,2026-01-09,C1180,B2B,CZ-Central,Sales Rep,Desk 180,Furniture,2.0,14036.0,9180.0,0.1,410.0,Card,Completed
10432,2026-01-09,C1161,B2B,CZ-West,Online,Laptop Pro 14,Electronics,4.0,29130.0,19814.0,0.05,487.0,Bank Transfer,Completed
10433,2026-05-21,C1131,B2C,SK-West,Partner,Monitor 34,Electronics,6.0,13163.0,10212.0,0.1,603.0,Invoice,Cancelled
10434,2026-03-22,C1169,B2C,SK-West,Partner,Printer,Office,6.0,7201.0,4924.0,0.0,302.0,Card,Completed
10435,2026-06-22,C1239,B2C,SK-East,Online,Desk 180,Furniture,6.0,11858.0,8346.0,0.1,307.0,Invoice,Completed
10436,2026-05-19,C1287,B2C,SK-West,Sales Rep,Executive Chair,Furniture,5.0,11619.0,8016.0,0.0,520.0,Bank Transfer,Completed
10437,2026-02-09,C1256,B2C,SK-East,Partner,Docking Station,Accessories,1.0,4141.0,2907.0,0.1,321.0,Card,Completed
10438,2026-06-30,C1111,B2B,CZ-East,Online,Monitor 34,Electronics,1.0,13759.0,9180.0,0.1,166.0,Card,Completed
10439,2026-07-14,C1049,B2C,CZ-West,Sales Rep,Laptop Pro 14,Electronics,2.0,25549.0,20235.0,0.0,173.0,Invoice,Cancelled
10440,2026-02-16,C1120,,SK-West,Partner,Office Chair,Furniture,3.0,6409.0,3921.0,0.2,173.0,Bank Transfer,Returned
10441,2026-04-14,C1211,B2B,SK-East,Online,Mouse,Accessories,4.0,1147.0,518.0,0.2,135.0,Invoice,Completed
10442,2026-03-16,C1186,B2C,CZ-West,Online,Monitor 34,Electronics,4.0,13014.0,9319.0,0.0,195.0,Invoice,Completed
10443,2026-01-05,C1046,B2C,CZ-East,Online,Laptop Pro 14,Electronics,6.0,29935.0,21278.0,0.05,386.0,Card,Completed
10444,2026-02-27,C1135,B2C,SK-West,Sales Rep,Laptop Pro 14,Electronics,2.0,27408.0,22058.0,0.0,384.0,Bank Transfer,Cancelled
10445,2026-06-17,C1170,B2B,CZ-Central,Partner,Monitor 34,Electronics,7.0,13816.0,10344.0,0.0,409.0,Bank Transfer,Completed
10446,2026-01-31,C1167,B2B,CZ-East,Partner,Keyboard,Accessories,5.0,2224.0,965.0,0.05,258.0,Bank Transfer,Completed
10447,2026-02-26,C1098,B2C,CZ-East,Sales Rep,Keyboard,Accessories,1.0,1814.0,913.0,0.0,712.0,Bank Transfer,Completed
10448,2026-01-17,C1107,B2C,SK-East,Sales Rep,Keyboard,Accessories,4.0,2048.0,969.0,0.1,295.0,Bank Transfer,Completed
10449,2026-05-08,C1287,B2B,CZ-Central,Sales Rep,Laptop Air 13,Electronics,1.0,21639.0,15566.0,0.1,70.0,Bank Transfer,Completed
10450,2026-07-16,C1043,B2B,SK-West,Partner,Keyboard,Accessories,3.0,1893.0,1026.0,0.0,382.0,Bank Transfer,Completed
10451,2026-04-09,C1008,B2B,CZ-East,Online,Laptop Pro 14,Electronics,6.0,29847.0,22333.0,0.2,193.0,Card,Completed
10452,2026-05-21,C1174,B2C,SK-West,Sales Rep,Desk 140,Furniture,4.0,7911.0,5869.0,0.0,575.0,Card,Completed
10453,2026-07-20,C1005,B2C,CZ-East,Online,Monitor 27,Electronics,2.0,7674.0,5522.0,0.25,421.0,Invoice,Completed
10454,2026-05-02,C1252,B2C,CZ-East,Sales Rep,Laptop Pro 14,Electronics,7.0,27070.0,22118.0,0.0,275.0,Invoice,Completed
10455,2026-07-14,C1186,B2B,CZ-West,Partner,Printer,Office,7.0,6556.0,4730.0,0.0,376.0,Invoice,Returned
10456,2026-02-19,C1207,B2C,,Sales Rep,Desk 180,Furniture,4.0,13789.0,8639.0,0.15,,Card,Completed
10457,2026-07-01,C1115,B2B,,Partner,Printer,Office,2.0,6813.0,4638.0,0.05,440.0,Bank Transfer,Completed
10458,2026-07-01,C1074,B2C,SK-West,Partner,Monitor 34,Electronics,7.0,15688.0,9730.0,0.0,520.0,Card,Completed
10459,2026-07-11,C1159,B2B,CZ-Central,Sales Rep,Laptop Air 13,Electronics,5.0,20083.0,16342.0,0.0,579.0,Bank Transfer,Completed
10460,2026-03-26,C1097,B2C,SK-East,Online,Desk 140,Furniture,,9363.0,5902.0,0.0,216.0,Card,Cancelled
10461,2026-02-14,C1027,B2C,SK-East,Partner,Keyboard,Accessories,6.0,1901.0,964.0,0.0,150.0,Invoice,Completed
10462,2026-01-10,C1101,B2B,CZ-East,Online,Laptop Air 13,Electronics,5.0,20464.0,16674.0,0.0,364.0,Card,Returned
10463,2026-02-27,C1103,B2C,SK-East,Sales Rep,Webcam,Accessories,7.0,2216.0,1321.0,0.0,365.0,Card,Cancelled
10464,2026-05-31,C1206,B2B,SK-East,Sales Rep,Office Chair,Furniture,2.0,6320.0,4093.0,0.0,328.0,Bank Transfer,Completed
10465,2026-04-03,C1174,B2B,CZ-East,Online,Executive Chair,Furniture,1.0,10891.0,6889.0,0.0,408.0,Invoice,Completed
10466,2026-07-05,C1072,B2B,SK-West,Online,Webcam,Accessories,7.0,2446.0,1333.0,0.0,107.0,Invoice,Completed
10467,2026-03-13,C1054,B2B,CZ-East,Sales Rep,Desk 180,Furniture,1.0,12095.0,8367.0,0.15,659.0,Card,Completed
10468,2026-06-17,C1056,B2C,CZ-East,Online,Office Chair,Furniture,2.0,6082.0,3798.0,0.0,375.0,Bank Transfer,Completed
10469,2026-04-26,C1075,B2C,CZ-West,Sales Rep,Monitor 34,Electronics,5.0,14641.0,10110.0,0.1,119.0,Card,Completed
10470,2026-06-03,C1194,B2C,,Sales Rep,Paper Shredder,Office,6.0,3411.0,1930.0,,488.0,Card,Completed
10471,2026-05-15,C1163,B2B,SK-East,Partner,Bookshelf,Furniture,2.0,5318.0,3598.0,0.15,313.0,Bank Transfer,Completed
10472,2026-05-27,C1102,B2B,CZ-Central,Sales Rep,Bookshelf,Furniture,1.0,5356.0,3834.0,0.0,263.0,Card,Returned
10473,2026-07-19,C1200,B2B,CZ-Central,Online,Docking Station,Accessories,2.0,4042.0,2610.0,0.15,508.0,Invoice,Completed
10474,2026-03-31,C1062,B2B,CZ-West,Partner,Mouse,Accessories,6.0,1034.0,498.0,0.0,175.0,Bank Transfer,Completed
10475,2026-05-26,C1273,B2C,CZ-West,Online,Bookshelf,Furniture,6.0,5699.0,3544.0,0.3,424.0,Card,Returned
10476,2026-04-02,C1100,B2B,CZ-Central,Partner,Docking Station,Accessories,5.0,3855.0,2613.0,0.0,163.0,Card,Completed
10477,2026-04-24,C1276,B2B,CZ-West,Partner,Office Chair,Furniture,7.0,6087.0,3792.0,0.0,225.0,,Completed
10478,2026-04-02,C1100,B2C,CZ-East,Partner,Printer,Office,2.0,7005.0,4868.0,0.3,633.0,Bank Transfer,Completed
10479,2026-05-19,C1167,B2B,SK-West,Sales Rep,Executive Chair,Furniture,4.0,12733.0,7710.0,0.0,416.0,Invoice,Completed
10480,2026-03-08,C1095,B2B,SK-East,Sales Rep,Office Chair,Furniture,3.0,6560.0,3850.0,0.05,347.0,Bank Transfer,Cancelled
10481,2026-03-08,C1145,B2B,SK-East,Sales Rep,Webcam,Accessories,4.0,2307.0,1333.0,0.15,347.0,Card,Completed
10482,2026-06-19,C1015,B2B,CZ-West,Sales Rep,Office Chair,Furniture,4.0,5930.0,3925.0,0.1,318.0,Card,Completed
10483,2026-01-05,C1150,B2B,CZ-East,Partner,Mouse,Accessories,1.0,1005.0,500.0,0.1,297.0,Card,Completed
10484,2026-04-18,C1023,B2B,SK-East,Online,Mouse,Accessories,4.0,1093.0,528.0,0.1,400.0,Bank Transfer,Completed
10485,2026-04-02,C1142,B2C,CZ-East,Online,Keyboard,Accessories,4.0,1967.0,976.0,0.15,469.0,Card,Completed
10486,2026-05-15,C1213,B2B,SK-East,Sales Rep,Office Chair,Furniture,2.0,5893.0,3888.0,0.05,10.0,Bank Transfer,Completed
10487,2026-04-07,C1288,B2B,CZ-East,Sales Rep,Desk 140,Furniture,7.0,8460.0,5463.0,0.0,265.0,Bank Transfer,Completed
10488,2026-07-16,C1104,B2B,CZ-East,Partner,Webcam,Accessories,5.0,2347.0,1353.0,0.0,205.0,Invoice,Returned
10489,2026-01-22,C1040,B2C,CZ-East,Sales Rep,Desk 140,Furniture,7.0,8491.0,5811.0,0.0,73.0,Invoice,Cancelled
10490,2026-07-28,C1204,B2B,CZ-West,Partner,Keyboard,Accessories,4.0,1964.0,987.0,0.0,579.0,Invoice,Completed
10491,2026-05-10,C1223,B2C,CZ-Central,Partner,Laptop Air 13,Electronics,1.0,21939.0,16767.0,0.0,230.0,Invoice,Completed
10492,2026-01-14,C1101,B2B,CZ-West,Partner,Mouse,Accessories,4.0,1164.0,505.0,0.0,230.0,Card,Returned
10493,2026-02-08,C1004,B2C,SK-West,Partner,Office Chair,Furniture,3.0,6576.0,3853.0,0.0,183.0,Card,Cancelled
10494,2026-03-28,C1212,B2B,CZ-East,Online,Executive Chair,Furniture,2.0,11148.0,7415.0,0.1,348.0,Bank Transfer,Completed
10495,2026-07-02,C1161,B2B,CZ-East,Sales Rep,Printer,Office,4.0,7018.0,4628.0,0.15,62.0,Invoice,Completed
10496,2026-04-07,C1084,B2B,CZ-West,Online,Monitor 34,Electronics,6.0,13570.0,10370.0,0.1,203.0,Bank Transfer,Completed
10497,2026-06-27,C1021,B2C,SK-East,Partner,Laptop Pro 14,Electronics,5.0,29691.0,20260.0,0.2,395.0,Invoice,Completed
10498,2026-04-18,C1166,B2C,CZ-West,Partner,Keyboard,Accessories,6.0,1783.0,976.0,0.0,469.0,Bank Transfer,Cancelled
10499,2026-04-11,C1242,B2C,SK-East,Partner,Office Chair,Furniture,1.0,5802.0,3820.0,0.0,367.0,Card,Completed
10500,2026-07-23,C1280,B2B,SK-East,Partner,Desk 180,Furniture,1.0,11803.0,9739.0,0.25,374.0,Invoice,Completed
10501,2026-07-28,C1181,B2C,SK-East,Sales Rep,Executive Chair,Furniture,7.0,12487.0,7775.0,0.0,499.0,Bank Transfer,Completed
10502,2026-02-06,C1056,B2C,CZ-Central,Sales Rep,Docking Station,Accessories,5.0,4280.0,2613.0,0.0,396.0,Invoice,Completed
10503,2026-01-27,C1166,B2C,SK-West,Online,Monitor 34,Electronics,3.0,14836.0,9665.0,0.05,362.0,Card,Returned
10504,2026-02-28,C1226,B2B,CZ-East,Partner,Printer,Office,1.0,7471.0,4927.0,0.25,561.0,Invoice,Completed
10505,2026-05-10,C1017,B2B,SK-East,Online,Laptop Pro 14,Electronics,5.0,27705.0,21758.0,0.0,593.0,Invoice,Cancelled
10506,2026-05-16,C1077,B2B,SK-East,Online,Laptop Air 13,Electronics,7.0,20637.0,17323.0,0.15,404.0,Invoice,Completed
10507,2026-06-20,C1038,B2B,SK-East,Partner,Executive Chair,Furniture,7.0,11294.0,7281.0,0.2,351.0,Bank Transfer,Completed
10508,2026-04-27,C1071,B2C,SK-East,Partner,Printer,Office,2.0,7507.0,4650.0,0.3,388.0,Bank Transfer,Completed
10509,2026-04-13,C1222,B2C,SK-West,Sales Rep,Desk 180,Furniture,5.0,14070.0,8768.0,0.05,477.0,Card,Completed
10510,2026-06-13,C1121,B2C,CZ-West,Online,Office Chair,Furniture,5.0,6022.0,3775.0,0.0,,Invoice,Completed
10511,2026-02-05,C1217,B2C,CZ-Central,Online,Monitor 34,Electronics,3.0,14228.0,9648.0,0.0,286.0,Card,Completed
10512,2026-01-23,C1044,B2C,CZ-East,Online,Office Chair,Furniture,6.0,6497.0,3828.0,0.0,557.0,Card,Returned
10513,2026-04-19,C1196,B2B,CZ-West,Partner,Monitor 34,Electronics,2.0,12587.0,9461.0,0.0,330.0,Invoice,Returned
10514,2026-06-13,C1165,B2C,CZ-East,Sales Rep,Bookshelf,Furniture,6.0,5537.0,3438.0,0.0,219.0,Bank Transfer,Cancelled
10515,2026-02-04,C1111,B2C,SK-West,Partner,Bookshelf,Furniture,4.0,5713.0,3167.0,0.0,325.0,Bank Transfer,Cancelled
10516,2026-03-02,C1071,B2B,CZ-Central,Sales Rep,Laptop Pro 14,Electronics,1.0,28809.0,21925.0,0.0,187.0,Card,Completed
10517,2026-02-09,C1041,B2C,SK-East,Online,Executive Chair,Furniture,4.0,11234.0,7465.0,0.0,,Bank Transfer,Returned
10518,2026-01-02,C1137,B2B,CZ-Central,Online,Executive Chair,Furniture,4.0,12991.0,7911.0,0.0,200.0,Card,Cancelled
10519,2026-07-11,C1032,B2C,CZ-West,Online,Desk 180,Furniture,4.0,13768.0,8871.0,0.05,242.0,Invoice,Completed
10520,2026-05-07,C1201,,CZ-Central,Online,Webcam,Accessories,5.0,2475.0,1290.0,0.0,332.0,Invoice,Returned
10521,2026-03-30,C1124,B2C,CZ-West,Sales Rep,Desk 180,Furniture,5.0,12553.0,9596.0,0.0,367.0,Bank Transfer,Cancelled
10522,2026-07-08,C1281,B2B,CZ-West,Sales Rep,Webcam,Accessories,2.0,2465.0,1291.0,0.05,423.0,Bank Transfer,Completed
10523,2026-02-19,C1248,B2C,CZ-Central,Sales Rep,Paper Shredder,Office,5.0,2777.0,1785.0,0.05,254.0,Invoice,Completed
10524,2026-03-10,C1260,B2C,CZ-Central,Partner,Keyboard,Accessories,6.0,1821.0,1008.0,0.05,280.0,Invoice,Completed
10525,2026-02-26,C1107,B2B,CZ-West,Partner,Laptop Pro 14,Electronics,1.0,27035.0,20610.0,0.15,355.0,Bank Transfer,Returned
10526,2026-06-15,C1115,B2C,CZ-West,Online,Desk 140,Furniture,4.0,8874.0,5986.0,0.0,537.0,Invoice,Completed
10527,2026-04-19,C1263,B2C,CZ-Central,Sales Rep,Bookshelf,Furniture,7.0,5030.0,3700.0,0.0,424.0,Invoice,Cancelled
10528,2026-06-04,C1009,B2C,CZ-West,Partner,Monitor 34,Electronics,1.0,14160.0,9944.0,0.15,482.0,Invoice,Returned
10529,2026-02-19,C1165,B2C,CZ-East,Online,Printer,Office,7.0,6971.0,4439.0,0.05,111.0,Card,Completed
10530,2026-03-29,C1124,B2C,SK-West,Sales Rep,Desk 140,Furniture,7.0,8996.0,6566.0,0.0,261.0,Card,Completed
10531,2026-02-27,C1294,B2B,SK-West,Online,Office Chair,Furniture,5.0,6186.0,3741.0,0.0,169.0,Card,Completed
10532,2026-03-14,C1110,B2C,SK-West,Partner,Desk 180,Furniture,2.0,12305.0,8812.0,0.1,377.0,Invoice,Completed
10533,2026-02-27,C1244,B2C,CZ-East,Partner,Laptop Pro 14,Electronics,7.0,29268.0,21727.0,0.1,472.0,Bank Transfer,Completed
10534,2026-01-19,C1092,B2C,SK-East,Online,Keyboard,Accessories,7.0,1864.0,1075.0,0.15,362.0,Invoice,Completed
10535,2026-01-16,C1203,B2C,SK-West,Online,Executive Chair,Furniture,5.0,12084.0,7443.0,0.2,375.0,Bank Transfer,Completed
10536,2026-01-16,C1010,B2B,CZ-East,Online,Paper Shredder,Office,5.0,3211.0,1851.0,0.05,173.0,Card,Cancelled
10537,2026-04-02,C1054,B2C,SK-East,Sales Rep,Paper Shredder,Office,2.0,3014.0,1925.0,0.05,253.0,Bank Transfer,Completed
10538,2026-06-06,C1045,B2C,CZ-East,Online,Desk 180,Furniture,3.0,13740.0,8434.0,0.0,222.0,Card,Returned
10539,2026-04-09,C1096,B2C,CZ-East,Online,Desk 180,Furniture,6.0,12697.0,8840.0,0.05,215.0,Card,Completed
10540,2026-06-08,C1260,B2B,CZ-East,Online,Webcam,Accessories,5.0,2358.0,1210.0,0.05,430.0,Card,Completed
10541,2026-02-27,C1134,B2C,CZ-Central,Online,Mouse,Accessories,2.0,1022.0,515.0,0.05,221.0,Invoice,Completed
10542,2026-07-25,C1104,B2B,CZ-East,Partner,Monitor 27,Electronics,2.0,,5198.0,0.0,192.0,Invoice,Cancelled
10543,2026-02-15,C1093,B2C,CZ-West,Sales Rep,Monitor 27,Electronics,6.0,7022.0,4999.0,0.1,323.0,Bank Transfer,Returned
10544,2026-03-27,C1246,B2C,CZ-East,Sales Rep,Paper Shredder,Office,7.0,3043.0,1976.0,0.0,224.0,Card,Completed
10545,2026-05-02,C1122,B2C,CZ-West,Sales Rep,Docking Station,Accessories,1.0,4399.0,2564.0,0.15,277.0,Card,Cancelled
10546,2026-06-29,C1210,B2B,SK-West,Partner,Laptop Pro 14,Electronics,2.0,29769.0,21501.0,0.0,345.0,Invoice,Cancelled
10547,2026-01-10,C1228,B2C,SK-West,Online,Webcam,Accessories,3.0,2636.0,1316.0,0.0,466.0,Bank Transfer,Returned
10548,2026-03-31,C1050,,CZ-Central,Sales Rep,Monitor 34,Electronics,6.0,14535.0,9662.0,0.1,341.0,Invoice,Returned
10549,2026-07-25,C1133,B2C,CZ-East,Sales Rep,Office Chair,Furniture,7.0,5565.0,3828.0,0.0,536.0,Card,Completed
10550,2026-04-09,C1019,B2B,SK-East,Sales Rep,Mouse,Accessories,6.0,1150.0,538.0,0.15,366.0,Bank Transfer,Completed
10551,2026-04-17,C1044,B2C,CZ-West,Partner,Laptop Pro 14,Electronics,3.0,29867.0,21301.0,0.0,172.0,Bank Transfer,Returned
10552,2026-02-22,C1037,B2B,SK-West,Online,Printer,Office,2.0,7724.0,4621.0,0.0,243.0,Invoice,Cancelled
10553,2026-06-06,C1204,B2B,CZ-Central,Sales Rep,Mouse,Accessories,6.0,1027.0,519.0,0.05,438.0,Invoice,Completed
10554,2026-04-26,C1275,B2B,SK-East,Online,Keyboard,Accessories,1.0,1820.0,939.0,0.05,101.0,Card,Completed
10555,2026-03-18,C1144,B2B,CZ-West,Partner,Laptop Pro 14,Electronics,2.0,27090.0,20996.0,0.0,533.0,Invoice,Completed
10556,2026-07-01,C1161,,CZ-West,Sales Rep,Office Chair,Furniture,4.0,5889.0,3891.0,0.0,344.0,Invoice,Completed
10557,2026-05-29,C1193,B2C,CZ-West,Sales Rep,Executive Chair,Furniture,1.0,12004.0,7575.0,0.0,330.0,Bank Transfer,Completed
10558,2026-06-08,C1065,B2C,CZ-Central,Partner,Laptop Air 13,Electronics,2.0,22645.0,15944.0,0.2,444.0,Invoice,Cancelled
10559,2026-03-08,C1224,B2C,CZ-Central,Partner,Monitor 27,Electronics,5.0,7851.0,5107.0,0.05,341.0,Invoice,Completed
10560,2026-02-18,C1170,B2B,CZ-West,Online,Keyboard,Accessories,2.0,1793.0,937.0,0.15,334.0,Bank Transfer,Completed
10561,2026-04-08,C1244,B2B,CZ-East,Online,Keyboard,Accessories,4.0,,972.0,0.05,475.0,Bank Transfer,Completed
10562,2026-07-01,C1216,B2C,SK-East,Sales Rep,Desk 180,Furniture,4.0,13179.0,9155.0,0.0,471.0,Invoice,Completed
10563,2026-05-31,C1082,B2C,CZ-West,Partner,Mouse,Accessories,4.0,1148.0,532.0,0.0,271.0,Bank Transfer,Cancelled
10564,2026-06-14,C1052,B2B,SK-West,Partner,Bookshelf,Furniture,7.0,5973.0,3376.0,0.1,549.0,Invoice,Completed
10565,2026-01-03,C1036,B2C,CZ-East,Online,Docking Station,Accessories,6.0,3972.0,2695.0,0.0,355.0,Bank Transfer,Completed
10566,2026-05-05,C1111,B2C,CZ-West,Partner,Keyboard,Accessories,1.0,1863.0,974.0,0.1,634.0,Card,Completed
10567,2026-01-19,C1284,B2C,CZ-East,Online,Printer,Office,1.0,7237.0,4691.0,0.0,304.0,Invoice,Completed
10568,2026-07-16,C1061,B2B,SK-East,Sales Rep,Keyboard,Accessories,6.0,1986.0,932.0,0.0,75.0,Bank Transfer,Completed
10569,2026-02-21,C1208,B2C,SK-West,Online,Office Chair,Furniture,4.0,5974.0,3926.0,0.05,182.0,Bank Transfer,Cancelled
10570,2026-05-06,C1038,B2C,SK-East,Online,Mouse,Accessories,2.0,1206.0,545.0,0.0,182.0,Card,Returned
10571,2026-03-24,C1299,B2C,SK-West,Online,Printer,Office,5.0,7661.0,,0.0,287.0,Bank Transfer,Completed
10572,2026-07-27,C1267,B2B,SK-East,Partner,Monitor 34,Electronics,4.0,13926.0,9663.0,0.05,201.0,,Returned
10573,2026-05-01,C1263,B2B,CZ-East,Online,Webcam,Accessories,3.0,2685.0,1330.0,0.0,0.0,Bank Transfer,Cancelled
10574,2026-07-03,C1296,B2B,SK-West,Online,Webcam,Accessories,3.0,2450.0,1344.0,0.15,260.0,Invoice,Completed
10575,2026-07-04,C1142,B2B,CZ-Central,Sales Rep,Executive Chair,Furniture,5.0,11570.0,7196.0,0.05,235.0,Invoice,Cancelled
10576,2026-05-20,C1263,B2C,SK-East,Sales Rep,Desk 140,Furniture,6.0,8891.0,6090.0,0.3,0.0,Bank Transfer,Completed
10577,2026-06-30,C1016,B2B,CZ-East,Sales Rep,Mouse,Accessories,3.0,1056.0,551.0,0.05,426.0,Invoice,Returned
10578,2026-05-19,C1187,B2B,SK-East,Online,Desk 140,Furniture,5.0,7891.0,5779.0,0.0,168.0,Bank Transfer,Cancelled
10579,2026-02-21,C1108,B2C,CZ-Central,Online,Office Chair,Furniture,1.0,6647.0,3963.0,0.0,180.0,Card,Completed
10580,2026-01-03,C1242,B2B,CZ-West,Online,Laptop Pro 14,Electronics,3.0,30465.0,21940.0,0.05,323.0,Invoice,Cancelled
10581,2026-05-03,C1123,B2B,SK-East,Partner,Paper Shredder,Office,3.0,3433.0,1789.0,0.1,246.0,Card,Completed
10582,2026-06-17,C1060,B2C,CZ-Central,Online,Keyboard,Accessories,2.0,1958.0,946.0,0.05,194.0,Bank Transfer,Completed
10583,2026-06-29,C1211,B2C,CZ-East,Partner,,Accessories,2.0,1011.0,495.0,0.0,258.0,Bank Transfer,Completed
10584,2026-03-13,C1196,B2B,SK-West,Partner,Desk 140,Furniture,2.0,8611.0,6166.0,0.0,281.0,Invoice,Completed
10585,2026-05-28,C1120,B2C,CZ-West,Online,Printer,Office,6.0,7388.0,4805.0,0.0,166.0,Card,Cancelled
10586,2026-06-14,C1160,B2C,CZ-East,Sales Rep,Office Chair,Furniture,4.0,6667.0,3948.0,0.15,28.0,Card,Completed
10587,2026-05-08,C1130,B2C,SK-East,Online,Keyboard,Accessories,6.0,1989.0,942.0,0.0,307.0,Card,Returned
10588,2026-03-06,C1285,B2C,CZ-West,Online,Office Chair,Furniture,5.0,6645.0,3916.0,0.0,313.0,Card,Completed
10589,2026-03-08,C1119,B2C,CZ-West,Sales Rep,Monitor 27,Electronics,4.0,7277.0,4906.0,0.0,487.0,Invoice,Returned
10590,2026-07-07,C1016,B2C,SK-West,Sales Rep,Monitor 34,Electronics,3.0,13140.0,10479.0,0.1,266.0,Invoice,Completed
10591,2026-01-12,C1050,B2B,CZ-East,Partner,Office Chair,Furniture,4.0,6338.0,3819.0,0.0,214.0,Bank Transfer,Completed
10592,2026-03-23,C1282,B2C,CZ-East,Partner,Mouse,Accessories,2.0,1098.0,538.0,0.0,204.0,Bank Transfer,Completed
10593,2026-04-13,C1044,B2B,CZ-East,Sales Rep,Mouse,Accessories,4.0,960.0,533.0,0.0,227.0,Card,Cancelled
10594,2026-01-17,C1245,B2B,CZ-West,Partner,Paper Shredder,Office,3.0,3224.0,1869.0,0.2,273.0,Invoice,Completed
10595,2026-03-18,C1298,B2C,SK-East,Online,Docking Station,Accessories,1.0,4088.0,2633.0,0.05,399.0,Bank Transfer,Returned
10596,2026-05-22,C1246,B2B,CZ-East,Sales Rep,Keyboard,Accessories,1.0,1705.0,1055.0,0.0,379.0,Invoice,Cancelled
10597,2026-02-06,C1183,B2B,SK-West,Partner,Mouse,Accessories,3.0,1096.0,508.0,0.0,380.0,Invoice,Cancelled
10598,2026-03-27,C1239,B2C,CZ-East,Online,Laptop Pro 14,Electronics,4.0,27352.0,21179.0,0.0,222.0,Bank Transfer,Completed
10599,2026-02-14,C1275,B2B,CZ-East,Sales Rep,Laptop Air 13,Electronics,6.0,20829.0,16598.0,0.0,142.0,Invoice,Cancelled
10600,2026-04-21,C1011,B2C,CZ-East,Online,Office Chair,Furniture,1.0,6044.0,3754.0,0.15,153.0,Invoice,Cancelled
10601,2026-03-11,C1250,B2B,SK-West,Online,Monitor 34,Electronics,3.0,13544.0,,0.15,296.0,Card,Cancelled
10602,2026-05-17,C1092,B2B,CZ-West,Online,Office Chair,Furniture,2.0,6666.0,3892.0,0.0,114.0,Invoice,Cancelled
10603,2026-07-17,C1037,B2B,SK-West,Online,Office Chair,Furniture,4.0,5893.0,3959.0,0.1,22.0,Card,Cancelled
10604,2026-05-15,C1267,B2B,CZ-Central,Online,Keyboard,Accessories,6.0,1900.0,1020.0,0.0,341.0,Bank Transfer,Completed
10605,2026-04-16,C1158,B2B,,Online,Laptop Pro 14,Electronics,7.0,28224.0,21462.0,0.0,173.0,Invoice,Completed
10606,2026-06-03,C1223,B2B,CZ-West,Partner,Laptop Pro 14,Electronics,4.0,29521.0,19586.0,0.05,225.0,Card,Cancelled
10607,2026-07-24,C1132,B2C,CZ-West,Partner,Laptop Air 13,Electronics,5.0,23528.0,16426.0,0.05,330.0,Card,Completed
10608,2026-03-19,C1223,B2B,,Sales Rep,Docking Station,Accessories,2.0,4225.0,2676.0,0.15,503.0,Invoice,Completed
10609,2026-07-22,C1273,B2B,CZ-Central,Online,Monitor 27,Electronics,6.0,8127.0,4921.0,0.0,391.0,Card,Completed
10610,2026-03-14,C1280,B2B,CZ-West,Online,Laptop Air 13,Electronics,4.0,20557.0,15824.0,0.05,466.0,Bank Transfer,Completed
10611,2026-02-19,C1240,B2C,SK-West,Partner,Laptop Air 13,Electronics,7.0,21558.0,16799.0,0.0,287.0,Card,Completed
10612,2026-05-28,C1270,B2B,SK-East,Sales Rep,Laptop Air 13,Electronics,4.0,22956.0,16269.0,0.0,412.0,Invoice,Completed
10613,2026-04-17,C1060,B2B,CZ-Central,Online,Laptop Pro 14,Electronics,3.0,31469.0,21811.0,0.0,357.0,Invoice,Completed
10614,2026-05-04,C1297,B2C,CZ-Central,Sales Rep,Bookshelf,Furniture,7.0,5141.0,3424.0,0.0,378.0,Bank Transfer,Completed
10615,2026-07-05,C1110,B2B,CZ-East,Sales Rep,Paper Shredder,Office,6.0,3107.0,1982.0,0.15,336.0,Invoice,Completed
10616,2026-05-06,C1278,B2C,SK-West,Online,Paper Shredder,Office,6.0,3512.0,1894.0,0.35,510.0,Bank Transfer,Returned
10617,2026-07-21,C1090,B2B,SK-West,Sales Rep,Bookshelf,Furniture,3.0,4889.0,3493.0,0.0,546.0,Bank Transfer,Cancelled
10618,2026-04-16,C1282,B2C,SK-East,Sales Rep,Keyboard,Accessories,5.0,1775.0,1020.0,0.15,422.0,Card,Cancelled
10619,2026-02-20,C1078,B2C,CZ-Central,Online,Desk 140,Furniture,3.0,10030.0,6440.0,0.05,227.0,Card,Completed
10620,2026-01-08,C1298,B2B,SK-East,Sales Rep,Desk 140,Furniture,7.0,9106.0,5837.0,0.0,406.0,Card,Completed
10621,2026-03-14,C1118,B2B,CZ-West,Partner,Desk 180,Furniture,1.0,13296.0,9017.0,0.0,518.0,Bank Transfer,Cancelled
10622,2026-03-15,C1230,B2B,CZ-West,Sales Rep,Printer,Office,1.0,6809.0,4747.0,0.05,189.0,Bank Transfer,Returned
10623,2026-06-05,C1074,B2C,SK-West,Online,Monitor 34,Electronics,2.0,13571.0,9276.0,0.1,424.0,Invoice,Completed
10624,2026-07-03,C1113,B2B,SK-West,Partner,Keyboard,Accessories,3.0,1811.0,1027.0,0.05,404.0,Invoice,Returned
10625,2026-05-20,C1061,B2C,SK-East,Online,Laptop Air 13,Electronics,6.0,22409.0,16432.0,0.05,371.0,Invoice,Completed
10626,2026-03-10,C1254,B2B,SK-West,Partner,Executive Chair,Furniture,3.0,13360.0,7410.0,0.05,196.0,Bank Transfer,Cancelled
10627,2026-07-19,C1128,B2B,SK-East,Partner,Docking Station,Accessories,2.0,4399.0,2789.0,0.0,340.0,Card,Completed
10628,2026-01-15,C1175,B2C,CZ-Central,Online,Executive Chair,Furniture,5.0,11275.0,7570.0,0.1,559.0,Invoice,Returned
10629,2026-06-14,C1056,B2B,CZ-East,Online,Paper Shredder,Office,7.0,2914.0,1918.0,0.0,446.0,Invoice,Completed
10630,2026-04-02,C1092,B2B,CZ-Central,Online,Executive Chair,Furniture,3.0,,6991.0,0.0,215.0,Bank Transfer,Returned
10631,2026-01-09,C1204,B2B,SK-West,Sales Rep,Laptop Air 13,Electronics,4.0,19475.0,16481.0,0.0,258.0,Bank Transfer,Completed
10632,2026-06-08,C1178,B2B,SK-West,Partner,Monitor 27,Electronics,2.0,8331.0,5262.0,,188.0,Card,Completed
10633,2026-01-07,C1287,B2C,SK-West,Online,,Accessories,1.0,1122.0,570.0,0.0,525.0,Card,Cancelled
10634,2026-01-28,C1007,B2B,CZ-West,Sales Rep,Paper Shredder,Office,5.0,3053.0,1838.0,0.15,487.0,Invoice,Completed
10635,2026-03-31,C1219,B2C,CZ-West,Online,Keyboard,Accessories,3.0,1981.0,941.0,0.0,389.0,Card,Completed
10636,2026-02-03,C1120,B2B,SK-West,Sales Rep,Printer,Office,6.0,7451.0,4337.0,0.0,417.0,Bank Transfer,Completed
10637,2026-01-02,C1172,B2B,CZ-West,Online,Laptop Pro 14,Electronics,1.0,32407.0,20703.0,0.2,398.0,,Completed
10638,2026-01-29,C1088,B2B,CZ-Central,Partner,Monitor 27,Electronics,1.0,8423.0,4979.0,0.0,445.0,Card,Returned
10639,2026-01-30,C1155,,CZ-Central,Partner,Docking Station,Accessories,7.0,3691.0,2691.0,0.0,154.0,Invoice,Completed
10640,2026-07-13,C1026,B2B,CZ-Central,Sales Rep,Laptop Air 13,Electronics,2.0,22289.0,17050.0,0.2,292.0,Invoice,Completed
10641,2026-07-05,C1273,B2C,CZ-Central,Partner,Laptop Pro 14,Electronics,2.0,28668.0,20971.0,0.0,589.0,Bank Transfer,Cancelled
10642,2026-06-26,C1068,B2B,CZ-East,Online,Monitor 34,Electronics,3.0,15413.0,9802.0,0.2,425.0,Invoice,Completed
10643,2026-04-17,C1033,B2B,CZ-East,Sales Rep,Desk 140,Furniture,5.0,8893.0,6023.0,0.0,459.0,Card,Completed
10644,2026-01-19,C1144,B2B,CZ-East,Online,Executive Chair,Furniture,4.0,12991.0,7948.0,0.25,283.0,Bank Transfer,Completed
10645,2026-04-04,C1074,B2C,CZ-Central,Online,Desk 140,Furniture,3.0,8559.0,5898.0,0.0,407.0,Card,Completed
10646,2026-07-05,C1124,B2C,,Partner,Webcam,Accessories,6.0,2146.0,1362.0,0.05,422.0,,Completed
10647,2026-05-08,C1110,B2B,CZ-East,Online,Monitor 34,Electronics,4.0,13926.0,9375.0,0.05,429.0,Bank Transfer,Completed
10648,2026-01-12,C1291,B2B,CZ-Central,Sales Rep,Keyboard,Accessories,7.0,1713.0,1004.0,0.0,284.0,Bank Transfer,Completed
10649,2026-05-20,C1263,B2B,SK-East,Online,Monitor 34,Electronics,2.0,14497.0,9554.0,0.1,334.0,Bank Transfer,Completed
10650,2026-02-26,C1220,B2B,,Partner,Laptop Air 13,Electronics,2.0,20472.0,17068.0,0.1,226.0,Card,Completed
