order_id,order_date,customer_id,customer_type,region,sales_channel,product,category,quantity,unit_price,unit_cost,discount_pct,shipping_cost,payment_method,status,gross_sales,discount_amount,net_sales,total_cost,profit
10001,2026-06-12,C1131,B2C,SK-West,Partner,Laptop Air 13,Electronics,5.0,22886.0,17017.0,0.0,138.0,Invoice,Completed,114430.0,0.0,114430.0,85085.0,29207.0
10002,2026-06-26,C1163,B2B,CZ-East,Online,Laptop Air 13,Electronics,4.0,23056.0,16910.0,0.05,478.0,Card,Completed,92224.0,4611.2,87612.8,67640.0,19494.800000000003
10003,2026-01-14,C1248,Unknown,SK-East,Partner,Paper Shredder,Office,7.0,3190.0,1886.0,0.0,491.0,Invoice,Returned,22330.0,0.0,22330.0,13202.0,8637.0
10004,2026-03-18,C1109,B2C,CZ-East,Online,Monitor 27,Electronics,4.0,8073.0,5286.0,0.1,620.0,Invoice,Completed,32292.0,3229.2000000000003,29062.8,21144.0,7298.799999999999
10005,2026-04-09,C1056,B2C,CZ-East,Online,Laptop Air 13,Electronics,6.0,21750.0,15849.0,0.0,411.0,Invoice,Completed,130500.0,0.0,130500.0,95094.0,34995.0
10006,2026-01-21,C1071,B2C,SK-West,Online,Desk 180,Furniture,3.0,12385.0,8983.0,0.0,351.0,Invoice,Completed,37155.0,0.0,37155.0,26949.0,9855.0
10007,2026-01-02,C1236,B2C,CZ-East,Online,Printer,Office,6.0,7161.0,4691.0,0.1,254.0,Card,Completed,42966.0,4296.6,38669.4,28146.0,10269.400000000001
10008,2026-04-03,C1169,B2C,CZ-West,Sales Rep,Laptop Air 13,Electronics,5.0,23172.0,15296.0,0.1,343.0,Invoice,Completed,115860.0,11586.0,104274.0,76480.0,27451.0
10009,2026-01-07,C1131,B2C,CZ-West,Partner,Desk 140,Furniture,3.0,9358.0,6053.0,0.15,161.0,Card,Cancelled,28074.0,4211.099999999999,23862.9,18159.0,5542.9000000000015
10010,2026-04-02,C1125,B2C,CZ-Central,Online,Keyboard,Accessories,5.0,1851.0,986.0,0.3,277.0,Bank Transfer,Completed,9255.0,2776.5,6478.5,4930.0,1271.5
10011,2026-01-19,C1216,B2B,SK-West,Sales Rep,Laptop Air 13,Electronics,6.0,22540.0,16092.0,0.05,387.0,Bank Transfer,Completed,135240.0,6762.0,128478.0,96552.0,31539.0
10012,2026-02-20,C1101,B2C,CZ-Central,Partner,Mouse,Accessories,3.0,1095.0,485.0,0.0,135.0,Bank Transfer,Returned,3285.0,0.0,3285.0,1455.0,1695.0
10013,2026-02-25,C1290,Unknown,CZ-West,Sales Rep,Docking Station,Accessories,6.0,4110.0,2780.0,0.0,291.0,Invoice,Completed,24660.0,0.0,24660.0,16680.0,7689.0
10014,2026-05-28,C1005,B2C,CZ-East,Partner,Docking Station,Accessories,2.0,4309.0,2726.0,0.0,118.0,Bank Transfer,Completed,8618.0,0.0,8618.0,5452.0,3048.0
10015,2026-05-12,C1175,B2B,CZ-East,Online,Keyboard,Accessories,1.0,1873.0,940.0,0.0,351.0,Card,Completed,1873.0,0.0,1873.0,940.0,582.0
10016,2026-05-23,C1134,B2B,SK-West,Sales Rep,Monitor 27,Electronics,1.0,7337.0,5067.0,0.15,265.0,Card,Completed,7337.0,1100.55,6236.45,5067.0,904.4499999999998
10017,2026-07-21,C1144,B2B,SK-East,Online,Monitor 27,Electronics,3.0,8049.0,5374.0,0.05,728.0,Bank Transfer,Completed,24147.0,1207.3500000000001,22939.65,16122.0,6089.6500000000015
10018,2026-06-19,C1109,B2C,CZ-West,Partner,Office Chair,Furniture,2.0,5898.0,3835.0,0.0,300.0,Bank Transfer,Completed,11796.0,0.0,11796.0,7670.0,3826.0
10019,2026-04-27,C1032,B2B,CZ-West,Sales Rep,Keyboard,Accessories,3.0,1845.0,978.0,0.1,338.0,Invoice,Cancelled,5535.0,553.5,4981.5,2934.0,1709.5
10020,2026-02-19,C1288,B2B,CZ-Central,Partner,Monitor 34,Electronics,1.0,13295.0,10634.0,0.15,437.0,Bank Transfer,Completed,13295.0,1994.25,11300.75,10634.0,229.75
10021,2026-04-19,C1076,B2C,SK-East,Online,Desk 140,Furniture,7.0,8550.0,6209.0,0.0,148.0,Invoice,Completed,59850.0,0.0,59850.0,43463.0,16239.0
10022,2026-06-27,C1100,B2C,CZ-East,Sales Rep,Bookshelf,Furniture,7.0,5560.0,3540.0,0.0,351.0,Invoice,Completed,38920.0,0.0,38920.0,24780.0,13789.0
10023,2026-06-06,C1078,B2C,CZ-West,Partner,Bookshelf,Furniture,3.0,5189.0,3308.0,0.0,561.0,Card,Completed,15567.0,0.0,15567.0,9924.0,5082.0
10024,2026-06-01,C1149,B2C,CZ-East,Online,Executive Chair,Furniture,7.0,12903.0,7328.0,0.1,265.0,Invoice,Completed,90321.0,9032.1,81288.9,51296.0,29727.899999999994
10025,2026-02-18,C1039,B2C,CZ-East,Sales Rep,Monitor 27,Electronics,2.0,8205.0,4774.0,0.05,202.0,Card,Cancelled,16410.0,820.5,15589.5,9548.0,5839.5
10026,2026-01-06,C1024,B2B,SK-East,Online,Printer,Office,6.0,6351.0,4706.0,0.0,388.0,Card,Completed,38106.0,0.0,38106.0,28236.0,9482.0
10027,2026-05-20,C1286,B2B,SK-West,Partner,Office Chair,Furniture,3.0,6143.0,3791.0,0.0,354.0,Card,Returned,18429.0,0.0,18429.0,11373.0,6702.0
10028,2026-06-07,C1129,B2B,SK-West,Partner,Monitor 27,Electronics,3.0,9093.0,5590.0,0.2,280.0,Invoice,Completed,27279.0,5455.8,21823.2,16770.0,4773.200000000001
10029,2026-01-23,C1248,B2C,SK-East,Partner,Desk 140,Furniture,3.0,8551.0,5576.0,0.35,171.0,Bank Transfer,Completed,25653.0,8978.55,16674.45,16728.0,-224.54999999999927
10030,2026-01-25,C1159,B2B,CZ-Central,Online,Docking Station,Accessories,3.0,4483.0,2690.0,0.15,115.0,Invoice,Returned,13449.0,2017.35,11431.65,8070.0,3246.6499999999996
10031,2026-06-21,C1031,B2B,CZ-Central,Partner,Printer,Office,,6415.0,4631.0,0.0,,Card,Cancelled,,,,,
10032,2026-05-06,C1212,B2B,CZ-West,Online,Paper Shredder,Office,2.0,3128.0,1890.0,0.0,287.0,Invoice,Completed,6256.0,0.0,6256.0,3780.0,2189.0
10033,2026-05-05,C1204,B2C,SK-East,Sales Rep,Docking Station,Accessories,4.0,4239.0,2738.0,0.05,320.0,Card,Completed,16956.0,847.8000000000001,16108.2,10952.0,4836.200000000001
10034,2026-07-06,C1002,B2B,SK-East,Sales Rep,Monitor 27,Electronics,2.0,8892.0,5527.0,0.0,213.0,Invoice,Completed,17784.0,0.0,17784.0,11054.0,6517.0
10035,2026-06-25,C1015,B2B,SK-East,Online,Laptop Air 13,Electronics,1.0,22531.0,15256.0,0.15,384.0,Invoice,Completed,22531.0,3379.65,19151.35,15256.0,3511.3499999999985
10036,2026-05-12,C1290,B2C,SK-East,Sales Rep,Bookshelf,Furniture,5.0,5502.0,3486.0,0.05,341.0,Invoice,Completed,27510.0,1375.5,26134.5,17430.0,8363.5
10037,2026-05-15,C1079,B2B,CZ-Central,Sales Rep,Desk 180,Furniture,,12612.0,8275.0,0.0,562.0,Bank Transfer,Returned,,,,,
10038,2026-04-02,C1256,B2B,SK-West,Online,Keyboard,Accessories,3.0,1780.0,967.0,,402.0,Bank Transfer,Completed,5340.0,,,2901.0,
10039,2026-06-28,C1195,B2B,SK-West,Online,Webcam,Accessories,4.0,2519.0,1285.0,0.05,222.0,Card,Completed,10076.0,503.8,9572.2,5140.0,4210.200000000001
10040,2026-04-16,C1174,B2B,CZ-East,Partner,Desk 180,Furniture,7.0,12954.0,9317.0,0.0,575.0,Invoice,Completed,90678.0,0.0,90678.0,65219.0,24884.0
10041,2026-07-21,C1240,B2B,CZ-Central,Partner,Webcam,Accessories,2.0,2618.0,1333.0,0.1,178.0,Bank Transfer,Completed,5236.0,523.6,4712.4,2666.0,1868.3999999999996
10042,2026-04-20,C1203,B2C,SK-West,Partner,Laptop Air 13,Electronics,5.0,21043.0,17158.0,0.05,0.0,Invoice,Returned,105215.0,5260.75,99954.25,85790.0,14164.25
10043,2026-04-14,C1179,B2B,SK-West,Partner,Office Chair,Furniture,2.0,5980.0,3992.0,0.0,527.0,Bank Transfer,Cancelled,11960.0,0.0,11960.0,7984.0,3449.0
10045,2026-02-01,C1280,B2C,Unknown,Sales Rep,Webcam,Accessories,1.0,2248.0,1293.0,0.1,216.0,Invoice,Completed,2248.0,224.8,2023.2,1293.0,514.2
10046,2026-01-30,C1081,B2C,SK-East,Sales Rep,Office Chair,Furniture,3.0,6694.0,4034.0,0.2,398.0,Card,Completed,20082.0,4016.4,16065.6,12102.0,3565.6000000000004
10047,2026-05-04,C1205,B2C,CZ-East,Online,Office Chair,Furniture,1.0,6240.0,4104.0,0.15,145.0,Bank Transfer,Completed,6240.0,936.0,5304.0,4104.0,1055.0
10048,2026-04-19,C1205,B2B,SK-West,Partner,Keyboard,Accessories,7.0,1931.0,925.0,0.2,328.0,Card,Completed,13517.0,2703.4,10813.6,6475.0,4010.6000000000004
10049,2026-07-29,C1199,B2B,CZ-Central,Sales Rep,Desk 140,Furniture,1.0,8974.0,6285.0,0.15,394.0,Card,Cancelled,8974.0,1346.1,7627.9,6285.0,948.8999999999996
10050,2026-06-19,C1046,B2B,SK-East,Sales Rep,Bookshelf,Furniture,2.0,5468.0,3573.0,0.0,304.0,Invoice,Returned,10936.0,0.0,10936.0,7146.0,3486.0
10051,2026-02-20,C1254,B2C,SK-West,Partner,Webcam,Accessories,3.0,2302.0,1339.0,0.15,348.0,Invoice,Completed,6906.0,1035.8999999999999,5870.1,4017.0,1505.1000000000004
10052,2026-04-06,C1243,B2C,CZ-West,Online,Laptop Pro 14,Electronics,2.0,31247.0,21479.0,0.15,237.0,Card,Completed,62494.0,9374.1,53119.9,42958.0,9924.900000000001
10053,2026-05-30,C1294,B2B,SK-East,Sales Rep,Laptop Air 13,Electronics,4.0,20084.0,16658.0,,386.0,Invoice,Completed,80336.0,,,66632.0,
10054,2026-03-19,C1076,B2C,SK-East,Sales Rep,Monitor 27,Electronics,1.0,7647.0,4977.0,0.0,380.0,Bank Transfer,Completed,7647.0,0.0,7647.0,4977.0,2290.0
10055,2026-07-18,C1090,B2B,CZ-West,Sales Rep,Monitor 34,Electronics,4.0,6971.0,10218.0,0.05,476.0,Bank Transfer,Returned,27884.0,1394.2,26489.8,40872.0,-14858.2
10056,2026-07-11,C1184,B2B,SK-West,Sales Rep,Docking Station,Accessories,4.0,4723.0,2707.0,0.0,471.0,Bank Transfer,Completed,18892.0,0.0,18892.0,10828.0,7593.0
10057,2026-03-28,C1122,B2B,CZ-East,Sales Rep,Webcam,Accessories,2.0,2171.0,1192.0,0.0,256.0,Bank Transfer,Completed,4342.0,0.0,4342.0,2384.0,1702.0
10058,2026-01-21,C1184,B2B,CZ-Central,Partner,Monitor 34,Electronics,5.0,14190.0,9640.0,0.05,346.0,Bank Transfer,Completed,70950.0,3547.5,67402.5,48200.0,18856.5
10059,2026-04-01,C1187,B2B,SK-East,Partner,Monitor 27,Electronics,4.0,9131.0,5246.0,0.1,333.0,Bank Transfer,Returned,36524.0,3652.4,32871.6,20984.0,11554.599999999999
10060,2026-02-26,C1016,B2B,SK-East,Partner,Office Chair,Furniture,6.0,6360.0,3767.0,0.05,406.0,Invoice,Completed,38160.0,1908.0,36252.0,22602.0,13244.0
10061,2026-02-28,C1100,B2B,SK-East,Partner,Laptop Air 13,Electronics,4.0,21494.0,17014.0,0.1,273.0,Invoice,Completed,85976.0,8597.6,77378.4,68056.0,9049.399999999994
10062,2026-05-29,C1022,B2C,CZ-East,Partner,Mouse,Accessories,2.0,1053.0,489.0,0.0,244.0,Bank Transfer,Completed,2106.0,0.0,2106.0,978.0,884.0
10063,2026-05-25,C1211,B2C,CZ-East,Sales Rep,Bookshelf,Furniture,2.0,5500.0,3514.0,0.0,431.0,Card,Returned,11000.0,0.0,11000.0,7028.0,3541.0
10064,2026-03-29,C1195,B2B,CZ-East,Sales Rep,Monitor 27,Electronics,6.0,8672.0,4998.0,0.15,507.0,Invoice,Completed,52032.0,7804.799999999999,44227.2,29988.0,13732.199999999997
10065,2026-01-17,C1226,B2B,SK-East,Partner,Keyboard,Accessories,6.0,1929.0,1041.0,0.0,188.0,Card,Completed,11574.0,0.0,11574.0,6246.0,5140.0
10066,2026-02-10,C1080,B2B,SK-East,Partner,Monitor 34,Electronics,3.0,13451.0,10250.0,0.05,210.0,Invoice,Completed,40353.0,2017.65,38335.35,30750.0,7375.3499999999985
10067,2026-05-17,C1201,B2C,CZ-Central,Partner,Executive Chair,Furniture,3.0,11786.0,7662.0,0.0,419.0,Invoice,Completed,35358.0,0.0,35358.0,22986.0,11953.0
10068,2026-04-22,C1036,B2C,CZ-Central,Sales Rep,Office Chair,Furniture,6.0,6957.0,3886.0,0.15,215.0,Bank Transfer,Completed,41742.0,6261.3,35480.7,23316.0,11949.699999999997
10069,2026-04-22,C1031,B2B,CZ-Central,Online,Printer,Office,4.0,6871.0,4763.0,0.05,213.0,Card,Completed,27484.0,1374.2,26109.8,19052.0,6844.799999999999
10070,2026-05-08,C1124,Unknown,CZ-West,Partner,Laptop Pro 14,Electronics,7.0,29851.0,21561.0,0.05,310.0,Bank Transfer,Completed,208957.0,10447.85,198509.15,150927.0,47272.149999999994
10071,2026-07-26,C1186,B2B,SK-East,Sales Rep,Desk 180,Furniture,6.0,13866.0,8810.0,0.15,0.0,Invoice,Completed,83196.0,12479.4,70716.6,52860.0,17856.600000000006
10072,2026-01-16,C1125,B2C,CZ-West,Partner,Paper Shredder,Office,1.0,3583.0,1811.0,0.05,353.0,Card,Completed,3583.0,179.15,3403.85,1811.0,1239.85
10073,2026-06-04,C1224,B2C,CZ-East,Partner,Printer,Office,7.0,6724.0,4389.0,0.0,261.0,Invoice,Cancelled,47068.0,0.0,47068.0,30723.0,16084.0
10074,2026-03-10,C1162,B2C,CZ-Central,Partner,Docking Station,Accessories,7.0,4330.0,2638.0,0.0,232.0,Bank Transfer,Returned,30310.0,0.0,30310.0,18466.0,11612.0
10075,2026-01-08,C1111,B2C,SK-West,Online,Monitor 34,Electronics,1.0,14349.0,9395.0,0.1,121.0,Invoice,Returned,14349.0,1434.9,12914.1,9395.0,3398.1000000000004
10076,2026-03-24,C1133,B2B,SK-East,Sales Rep,Bookshelf,Furniture,6.0,5681.0,3414.0,0.05,258.0,Card,Returned,34086.0,1704.3000000000002,32381.7,20484.0,11639.7
10077,2026-01-07,C1120,B2C,CZ-Central,Partner,Office Chair,Furniture,6.0,6047.0,4113.0,0.0,0.0,Invoice,Cancelled,36282.0,0.0,36282.0,24678.0,11604.0
10078,2026-05-30,C1203,B2B,SK-West,Sales Rep,Keyboard,Accessories,5.0,1865.0,969.0,0.15,164.0,Bank Transfer,Returned,9325.0,1398.75,7926.25,4845.0,2917.25
10079,2026-06-19,C1299,B2B,SK-East,Partner,Docking Station,Accessories,4.0,4243.0,2664.0,0.0,406.0,Invoice,Returned,16972.0,0.0,16972.0,10656.0,5910.0
10080,2026-01-13,C1024,B2B,CZ-Central,Online,Executive Chair,Furniture,3.0,11621.0,8162.0,0.0,554.0,Bank Transfer,Completed,34863.0,0.0,34863.0,24486.0,9823.0
10081,2026-04-06,C1190,B2C,CZ-East,Partner,Keyboard,Accessories,7.0,2038.0,967.0,0.2,,Card,Completed,14266.0,2853.2000000000003,11412.8,6769.0,
10082,2026-03-23,C1064,B2C,SK-West,Sales Rep,Paper Shredder,Office,2.0,2890.0,1937.0,0.3,0.0,Card,Completed,5780.0,1734.0,4046.0,3874.0,172.0
10083,2026-02-20,C1096,B2C,SK-West,Sales Rep,Printer,Office,3.0,7045.0,5148.0,0.05,374.0,Bank Transfer,Cancelled,21135.0,1056.75,20078.25,15444.0,4260.25
10084,2026-07-19,C1095,Unknown,CZ-East,Sales Rep,Office Chair,Furniture,7.0,6006.0,3832.0,0.0,431.0,Card,Cancelled,42042.0,0.0,42042.0,26824.0,14787.0
10085,2026-04-18,C1129,B2B,CZ-Central,Sales Rep,Bookshelf,Furniture,7.0,5920.0,3185.0,0.35,210.0,Card,Cancelled,41440.0,14503.999999999998,26936.0,22295.0,4431.0
10086,2026-02-25,C1233,B2B,SK-East,Partner,Docking Station,Accessories,4.0,4480.0,2674.0,0.3,312.0,Unknown,Completed,17920.0,5376.0,12544.0,10696.0,1536.0
10087,2026-03-05,C1118,B2B,CZ-West,Online,Webcam,Accessories,4.0,2493.0,1299.0,0.0,175.0,Bank Transfer,Completed,9972.0,0.0,9972.0,5196.0,4601.0
10088,2026-01-07,C1068,B2B,CZ-East,Online,Office Chair,Furniture,3.0,6455.0,3845.0,0.15,307.0,Invoice,Completed,19365.0,2904.75,16460.25,11535.0,4618.25
10089,2026-05-24,C1068,B2C,SK-West,Online,Printer,Office,3.0,7017.0,4844.0,0.0,163.0,Card,Completed,21051.0,0.0,21051.0,14532.0,6356.0
10090,2026-03-08,C1046,B2B,SK-West,Sales Rep,Laptop Pro 14,Electronics,1.0,29382.0,21535.0,0.0,433.0,Bank Transfer,Completed,29382.0,0.0,29382.0,21535.0,7414.0
10091,2026-04-30,C1177,B2B,CZ-West,Partner,Laptop Air 13,Electronics,2.0,19456.0,16465.0,0.15,572.0,Invoice,Cancelled,38912.0,5836.8,33075.2,32930.0,-426.8000000000029
10092,2026-03-03,C1023,B2B,SK-West,Partner,Printer,Office,2.0,6776.0,4509.0,0.05,570.0,Card,Completed,13552.0,677.6,12874.4,9018.0,3286.3999999999996
10093,2026-06-17,C1180,B2C,CZ-West,Partner,Executive Chair,Furniture,1.0,12792.0,7793.0,0.0,409.0,Bank Transfer,Completed,12792.0,0.0,12792.0,7793.0,4590.0
10094,2026-05-28,C1037,B2C,CZ-West,Sales Rep,Laptop Pro 14,Electronics,2.0,26681.0,22840.0,0.1,510.0,Card,Completed,53362.0,5336.200000000001,48025.8,45680.0,1835.800000000003
10095,2026-01-31,C1207,B2C,CZ-West,Sales Rep,Bookshelf,Furniture,5.0,5733.0,3508.0,0.2,313.0,Invoice,Completed,28665.0,5733.0,22932.0,17540.0,5079.0
10096,2026-03-23,C1054,B2B,SK-West,Online,Executive Chair,Furniture,1.0,12078.0,7613.0,0.05,168.0,Bank Transfer,Completed,12078.0,603.9,11474.1,7613.0,3693.1000000000004
10097,2026-03-03,C1199,B2C,SK-East,Partner,Laptop Air 13,Electronics,3.0,6971.0,16320.0,0.05,468.0,Card,Completed,20913.0,1045.65,19867.35,48960.0,-29560.65
10098,2026-02-08,C1080,B2C,SK-West,Partner,Desk 140,Furniture,4.0,9084.0,6193.0,0.1,474.0,Card,Completed,36336.0,3633.6000000000004,32702.4,24772.0,7456.4000000000015
10099,2026-04-19,C1003,B2C,SK-East,Sales Rep,Paper Shredder,Office,7.0,3089.0,1919.0,0.0,232.0,Bank Transfer,Completed,21623.0,0.0,21623.0,13433.0,7958.0
10100,2026-04-09,C1102,B2B,SK-East,Partner,Desk 180,Furniture,2.0,12018.0,8729.0,0.0,157.0,Bank Transfer,Cancelled,24036.0,0.0,24036.0,17458.0,6421.0
10101,2026-03-21,C1155,B2B,CZ-West,Partner,Desk 140,Furniture,3.0,9548.0,5448.0,0.1,539.0,Invoice,Returned,28644.0,2864.4,25779.6,16344.0,8896.599999999999
10102,2026-06-30,C1063,B2C,SK-East,Sales Rep,Printer,Office,6.0,6765.0,4968.0,0.35,273.0,Invoice,Returned,40590.0,14206.5,26383.5,29808.0,-3697.5
10103,2026-07-06,C1118,B2B,SK-West,Sales Rep,Paper Shredder,Office,5.0,3270.0,2142.0,0.05,221.0,Invoice,Completed,16350.0,817.5,15532.5,10710.0,4601.5
10104,2026-01-15,C1092,B2C,CZ-West,Sales Rep,Office Chair,Furniture,2.0,6212.0,3943.0,0.0,367.0,Card,Cancelled,12424.0,0.0,12424.0,7886.0,4171.0
10105,2026-02-21,C1029,B2C,CZ-West,Sales Rep,Desk 180,Furniture,2.0,12855.0,8930.0,0.0,436.0,Bank Transfer,Completed,25710.0,0.0,25710.0,17860.0,7414.0
10106,2026-04-06,C1202,B2B,SK-East,Online,Office Chair,Furniture,2.0,6304.0,4691.0,0.2,329.0,Card,Completed,12608.0,2521.6000000000004,10086.4,9382.0,375.39999999999964
10107,2026-03-03,C1229,B2B,SK-East,Sales Rep,Monitor 27,Electronics,3.0,7887.0,5247.0,0.2,164.0,Card,Completed,23661.0,4732.2,18928.8,15741.0,3023.7999999999993
10108,2026-07-17,C1120,B2C,CZ-East,Online,Monitor 27,Electronics,3.0,7696.0,4680.0,0.15,203.0,Card,Completed,23088.0,3463.2,19624.8,14040.0,5381.799999999999
10109,2026-02-03,C1255,B2C,CZ-East,Online,Docking Station,Accessories,1.0,4030.0,2607.0,0.0,,Invoice,Completed,4030.0,0.0,4030.0,2607.0,
10110,2026-01-10,C1115,B2B,CZ-West,Partner,Bookshelf,Furniture,2.0,5391.0,3788.0,0.15,141.0,Bank Transfer,Completed,10782.0,1617.3,9164.7,7576.0,1447.7000000000007
10111,2026-03-28,C1134,B2C,CZ-East,Partner,Desk 140,Furniture,1.0,8568.0,6341.0,0.15,521.0,Card,Completed,8568.0,1285.2,7282.8,6341.0,420.8000000000002
10112,2026-03-04,C1084,B2B,CZ-East,Sales Rep,Monitor 34,Electronics,2.0,13177.0,9847.0,0.1,297.0,Bank Transfer,Completed,26354.0,2635.4,23718.6,19694.0,3727.5999999999985
10113,2026-04-02,C1039,B2B,CZ-West,Sales Rep,Printer,Office,3.0,6902.0,4784.0,0.05,551.0,Bank Transfer,Cancelled,20706.0,1035.3,19670.7,14352.0,4767.700000000001
10114,2026-02-04,C1274,B2C,CZ-West,Sales Rep,Monitor 34,Electronics,2.0,14684.0,10139.0,0.15,444.0,Invoice,Completed,29368.0,4405.2,24962.8,20278.0,4240.799999999999
10115,2026-04-22,C1056,B2C,CZ-West,Partner,Office Chair,Furniture,5.0,5110.0,3960.0,0.1,79.0,Invoice,Returned,25550.0,2555.0,22995.0,19800.0,3116.0
10116,2026-04-28,C1191,B2C,SK-East,Online,Mouse,Accessories,1.0,1190.0,510.0,0.05,320.0,Card,Cancelled,1190.0,59.5,1130.5,510.0,300.5
10117,2026-04-02,C1191,B2B,CZ-East,Partner,Office Chair,Furniture,3.0,6187.0,3687.0,,,Card,Completed,18561.0,,,11061.0,
10118,2026-06-15,C1215,B2B,CZ-Central,Sales Rep,Monitor 27,Electronics,5.0,8006.0,5328.0,0.0,174.0,Unknown,Completed,40030.0,0.0,40030.0,26640.0,13216.0
10119,2026-04-10,C1285,B2C,CZ-West,Partner,Laptop Air 13,Electronics,5.0,19889.0,16551.0,0.1,372.0,Bank Transfer,Completed,99445.0,9944.5,89500.5,82755.0,6373.5
10120,2026-06-06,C1108,B2C,SK-West,Sales Rep,Paper Shredder,Office,6.0,3316.0,1877.0,0.05,442.0,Invoice,Returned,19896.0,994.8000000000001,18901.2,11262.0,7197.200000000001
10121,2026-03-26,C1168,B2B,SK-West,Sales Rep,Mouse,Accessories,7.0,1151.0,523.0,0.15,435.0,Bank Transfer,Returned,8057.0,1208.55,6848.45,3661.0,2752.45
10122,2026-04-08,C1219,B2C,CZ-Central,Online,Docking Station,Accessories,4.0,4201.0,2737.0,0.1,268.0,Invoice,Completed,16804.0,1680.4,15123.6,10948.0,3907.6000000000004
10123,2026-02-11,C1233,B2C,CZ-Central,Partner,Printer,Office,2.0,6215.0,4504.0,0.1,327.0,Card,Completed,12430.0,1243.0,11187.0,9008.0,1852.0
10124,2026-03-01,C1230,B2C,CZ-East,Sales Rep,Keyboard,Accessories,5.0,1936.0,996.0,0.05,25.0,Invoice,Completed,9680.0,484.0,9196.0,4980.0,4191.0
10125,2026-05-12,C1096,B2C,CZ-East,Partner,Keyboard,Accessories,1.0,2035.0,988.0,0.1,388.0,Invoice,Cancelled,2035.0,203.5,1831.5,988.0,455.5
10126,2026-03-18,C1211,B2B,CZ-East,Sales Rep,Desk 140,Furniture,4.0,9330.0,6265.0,0.0,456.0,Invoice,Completed,37320.0,0.0,37320.0,25060.0,11804.0
10127,2026-02-21,C1273,B2C,SK-West,Online,Printer,Office,3.0,7125.0,4520.0,0.2,146.0,Invoice,Completed,21375.0,4275.0,17100.0,13560.0,3394.0
10128,2026-05-12,C1138,B2C,CZ-Central,Sales Rep,Office Chair,Furniture,4.0,6748.0,3923.0,0.0,337.0,Card,Completed,26992.0,0.0,26992.0,15692.0,10963.0
10129,2026-06-21,C1258,B2B,SK-East,Online,Desk 140,Furniture,3.0,8556.0,6085.0,0.0,384.0,Card,Returned,25668.0,0.0,25668.0,18255.0,7029.0
10130,2026-05-08,C1007,B2B,CZ-East,Sales Rep,Bookshelf,Furniture,1.0,5523.0,3277.0,0.0,352.0,Invoice,Cancelled,5523.0,0.0,5523.0,3277.0,1894.0
10131,2026-07-25,C1020,B2B,SK-West,Sales Rep,Keyboard,Accessories,5.0,1883.0,997.0,0.0,335.0,Card,Returned,9415.0,0.0,9415.0,4985.0,4095.0
10132,2026-05-01,C1238,B2C,CZ-West,Partner,Printer,Office,2.0,6785.0,4588.0,0.05,431.0,Card,Cancelled,13570.0,678.5,12891.5,9176.0,3284.5
10133,2026-04-19,C1028,B2B,CZ-East,Online,Laptop Pro 14,Electronics,1.0,29758.0,22233.0,0.0,478.0,Card,Completed,29758.0,0.0,29758.0,22233.0,7047.0
10134,2026-06-10,C1118,B2B,Unknown,Partner,Desk 180,Furniture,3.0,13442.0,8417.0,0.15,502.0,Invoice,Returned,40326.0,6048.9,34277.1,25251.0,8524.099999999999
10135,2026-04-14,C1267,B2B,CZ-East,Online,Monitor 27,Electronics,2.0,7948.0,5216.0,0.0,269.0,Card,Completed,15896.0,0.0,15896.0,10432.0,5195.0
10136,2026-02-17,C1224,B2C,CZ-Central,Online,Laptop Pro 14,Electronics,1.0,27600.0,21198.0,0.0,282.0,Card,Completed,27600.0,0.0,27600.0,21198.0,6120.0
10137,2026-06-30,C1246,B2C,SK-West,Sales Rep,Laptop Pro 14,Electronics,2.0,28444.0,20813.0,0.3,297.0,Card,Completed,56888.0,17066.399999999998,39821.600000000006,41626.0,-2101.399999999994
10138,2026-02-12,C1187,B2B,SK-West,Partner,Bookshelf,Furniture,4.0,5601.0,3741.0,0.0,40.0,Invoice,Completed,22404.0,0.0,22404.0,14964.0,7400.0
10139,2026-01-19,C1052,B2C,CZ-West,Partner,Bookshelf,Furniture,3.0,5942.0,3644.0,0.0,455.0,Bank Transfer,Completed,17826.0,0.0,17826.0,10932.0,6439.0
10140,2026-07-12,C1185,B2B,CZ-East,Sales Rep,Docking Station,Accessories,3.0,4200.0,2859.0,0.15,122.0,Invoice,Completed,12600.0,1890.0,10710.0,8577.0,2011.0
10141,2026-06-04,C1169,B2C,CZ-West,Partner,Monitor 34,Electronics,1.0,13182.0,10763.0,0.1,262.0,Bank Transfer,Completed,13182.0,1318.2,11863.8,10763.0,838.7999999999993
10142,2026-05-11,C1047,B2B,SK-West,Online,Office Chair,Furniture,2.0,5829.0,3887.0,0.15,213.0,Card,Completed,11658.0,1748.7,9909.3,7774.0,1922.2999999999993
10143,2026-03-08,C1169,B2C,SK-East,Partner,Monitor 27,Electronics,4.0,7521.0,5332.0,0.0,127.0,Bank Transfer,Returned,30084.0,0.0,30084.0,21328.0,8629.0
10144,2026-06-26,C1102,B2B,CZ-East,Sales Rep,Monitor 27,Electronics,7.0,8626.0,5410.0,0.2,425.0,Bank Transfer,Completed,60382.0,12076.400000000001,48305.6,37870.0,10010.599999999999
10145,2026-05-23,C1064,B2B,CZ-West,Sales Rep,Keyboard,Accessories,1.0,1779.0,928.0,0.0,379.0,Invoice,Completed,1779.0,0.0,1779.0,928.0,472.0
10146,2026-03-14,C1125,B2B,SK-East,Partner,Keyboard,Accessories,3.0,1800.0,1069.0,0.0,444.0,Card,Cancelled,5400.0,0.0,5400.0,3207.0,1749.0
10147,2026-01-21,C1032,B2C,SK-West,Online,Desk 180,Furniture,6.0,6971.0,8099.0,0.0,505.0,Invoice,Returned,41826.0,0.0,41826.0,48594.0,-7273.0
10148,2026-01-31,C1025,B2C,SK-East,Partner,Office Chair,Furniture,7.0,5865.0,3982.0,0.0,239.0,Invoice,Completed,41055.0,0.0,41055.0,27874.0,12942.0
10149,2026-07-25,C1149,B2C,CZ-Central,Online,Printer,Office,3.0,6936.0,4761.0,0.05,324.0,Card,Cancelled,20808.0,1040.4,19767.6,14283.0,5160.5999999999985
10150,2026-06-17,C1240,B2C,CZ-Central,Partner,Laptop Air 13,Electronics,7.0,20584.0,17504.0,0.0,466.0,Invoice,Cancelled,144088.0,0.0,144088.0,122528.0,21094.0
10151,2026-03-24,C1098,B2B,CZ-East,Sales Rep,Desk 180,Furniture,6.0,13649.0,9440.0,0.0,362.0,Card,Cancelled,81894.0,0.0,81894.0,56640.0,24892.0
10152,2026-01-15,C1258,B2B,SK-West,Sales Rep,Mouse,Accessories,3.0,1215.0,510.0,0.1,334.0,Invoice,Returned,3645.0,364.5,3280.5,1530.0,1416.5
10153,2026-02-24,C1248,B2C,SK-East,Partner,Office Chair,Furniture,4.0,6446.0,4001.0,0.1,535.0,Bank Transfer,Completed,25784.0,2578.4,23205.6,16004.0,6666.5999999999985
10154,2026-07-13,C1024,B2B,CZ-Central,Partner,Paper Shredder,Office,5.0,3204.0,1854.0,,371.0,Card,Cancelled,16020.0,,,9270.0,
10155,2026-04-15,C1139,B2C,CZ-Central,Partner,Monitor 34,Electronics,2.0,13950.0,9898.0,0.0,317.0,Bank Transfer,Completed,27900.0,0.0,27900.0,19796.0,7787.0
10156,2026-05-22,C1023,B2C,SK-West,Partner,Keyboard,Accessories,2.0,1855.0,897.0,0.05,438.0,Invoice,Completed,3710.0,185.5,3524.5,1794.0,1292.5
10157,2026-05-05,C1263,B2C,SK-East,Partner,Paper Shredder,Office,7.0,2800.0,1947.0,0.05,285.0,Bank Transfer,Cancelled,19600.0,980.0,18620.0,13629.0,4706.0
10158,2026-07-16,C1020,B2B,SK-West,Online,Docking Station,Accessories,3.0,4112.0,2573.0,0.1,225.0,Invoice,Cancelled,12336.0,1233.6000000000001,11102.4,7719.0,3158.3999999999996
10159,2026-01-06,C1156,B2B,CZ-Central,Partner,Laptop Pro 14,Electronics,7.0,26325.0,22419.0,0.0,241.0,Bank Transfer,Completed,184275.0,0.0,184275.0,156933.0,27101.0
10160,2026-05-03,C1147,B2B,CZ-West,Online,Laptop Pro 14,Electronics,4.0,29408.0,20040.0,0.0,424.0,Bank Transfer,Cancelled,117632.0,0.0,117632.0,80160.0,37048.0
10161,2026-03-27,C1242,B2C,SK-West,Sales Rep,Monitor 27,Electronics,2.0,8781.0,5297.0,0.05,700.0,Bank Transfer,Completed,17562.0,878.1,16683.9,10594.0,5389.9000000000015
10162,2026-03-18,C1061,B2C,CZ-East,Online,Docking Station,Accessories,1.0,4067.0,2589.0,0.2,366.0,Bank Transfer,Cancelled,4067.0,813.4000000000001,3253.6,2589.0,298.5999999999999
10163,2026-01-10,C1280,B2C,CZ-East,Online,Mouse,Accessories,3.0,1015.0,527.0,0.15,385.0,Invoice,Cancelled,3045.0,456.75,2588.25,1581.0,622.25
10164,2026-05-29,C1237,B2B,CZ-East,Online,Executive Chair,Furniture,3.0,11630.0,7879.0,0.2,441.0,Card,Cancelled,34890.0,6978.0,27912.0,23637.0,3834.0
10165,2026-01-20,C1260,B2B,SK-East,Sales Rep,Monitor 27,Electronics,5.0,8355.0,4885.0,0.2,377.0,Card,Cancelled,41775.0,8355.0,33420.0,24425.0,8618.0
10166,2026-03-05,C1229,B2B,CZ-East,Sales Rep,Bookshelf,Furniture,4.0,5660.0,3541.0,0.2,492.0,Invoice,Completed,22640.0,4528.0,18112.0,14164.0,3456.0
10167,2026-03-17,C1117,B2B,SK-East,Partner,Keyboard,Accessories,2.0,2042.0,937.0,0.1,192.0,Bank Transfer,Completed,4084.0,408.40000000000003,3675.6,1874.0,1609.6
10168,2026-03-08,C1199,B2C,SK-East,Partner,Laptop Pro 14,Electronics,2.0,25655.0,22994.0,0.0,294.0,Card,Completed,51310.0,0.0,51310.0,45988.0,5028.0
10169,2026-01-11,C1046,B2B,CZ-East,Sales Rep,Executive Chair,Furniture,3.0,11549.0,7423.0,0.05,356.0,Bank Transfer,Returned,34647.0,1732.3500000000001,32914.65,22269.0,10289.650000000001
10170,2026-04-17,C1033,B2B,CZ-East,Online,Monitor 34,Electronics,6.0,15760.0,9185.0,0.2,512.0,Bank Transfer,Completed,94560.0,18912.0,75648.0,55110.0,20026.0
10171,2026-07-18,C1113,B2B,SK-West,Online,Desk 140,Furniture,6.0,8784.0,6049.0,0.0,516.0,Invoice,Completed,52704.0,0.0,52704.0,36294.0,15894.0
10172,2026-06-19,C1246,B2B,CZ-East,Sales Rep,Docking Station,Accessories,2.0,4365.0,2781.0,0.2,190.0,Bank Transfer,Completed,8730.0,1746.0,6984.0,5562.0,1232.0
10173,2026-04-17,C1131,B2C,CZ-West,Partner,Laptop Pro 14,Electronics,7.0,23775.0,20332.0,0.0,227.0,Bank Transfer,Completed,166425.0,0.0,166425.0,142324.0,23874.0
10174,2026-06-01,C1084,B2B,SK-West,Online,Monitor 34,Electronics,5.0,14142.0,10712.0,0.0,277.0,Invoice,Returned,70710.0,0.0,70710.0,53560.0,16873.0
10175,2026-05-17,C1234,B2B,CZ-Central,Sales Rep,Desk 180,Furniture,6.0,14036.0,8859.0,0.15,333.0,Bank Transfer,Returned,84216.0,12632.4,71583.6,53154.0,18096.600000000006
10176,2026-07-15,C1013,B2C,CZ-East,Sales Rep,Desk 180,Furniture,7.0,12239.0,9064.0,0.1,326.0,Bank Transfer,Completed,85673.0,8567.300000000001,77105.7,63448.0,13331.699999999997
10177,2026-06-06,C1039,B2C,CZ-Central,Sales Rep,Executive Chair,Furniture,3.0,12703.0,7596.0,0.1,293.0,Card,Completed,38109.0,3810.9,34298.1,22788.0,11217.099999999999
10178,2026-06-18,C1218,B2C,CZ-West,Partner,Webcam,Accessories,2.0,2646.0,1323.0,0.05,336.0,Invoice,Completed,5292.0,264.6,5027.4,2646.0,2045.3999999999996
10179,2026-03-17,C1143,B2C,CZ-East,Partner,Bookshelf,Furniture,6.0,5710.0,3525.0,0.0,317.0,Invoice,Completed,34260.0,0.0,34260.0,21150.0,12793.0
10180,2026-03-30,C1131,B2C,CZ-Central,Online,Laptop Air 13,Electronics,4.0,22324.0,15646.0,0.1,155.0,Bank Transfer,Completed,89296.0,8929.6,80366.4,62584.0,17627.399999999994
10181,2026-02-07,C1140,B2B,CZ-Central,Sales Rep,Monitor 27,Electronics,2.0,8136.0,4762.0,0.1,600.0,Unknown,Completed,16272.0,1627.2,14644.8,9524.0,4520.799999999999
10182,2026-05-28,C1109,B2B,SK-West,Sales Rep,Docking Station,Accessories,3.0,3697.0,2518.0,0.1,220.0,Card,Cancelled,11091.0,1109.1000000000001,9981.9,7554.0,2207.8999999999996
10183,2026-07-29,C1184,B2C,CZ-West,Partner,Desk 140,Furniture,4.0,8775.0,6054.0,0.1,471.0,Card,Completed,35100.0,3510.0,31590.0,24216.0,6903.0
10184,2026-04-09,C1296,B2B,SK-West,Online,Office Chair,Furniture,4.0,6407.0,3948.0,0.05,157.0,Card,Returned,25628.0,1281.4,24346.6,15792.0,8397.599999999999
10185,2026-06-28,C1298,B2C,CZ-Central,Partner,Laptop Air 13,Electronics,6.0,23893.0,16229.0,0.0,353.0,Bank Transfer,Completed,143358.0,0.0,143358.0,97374.0,45631.0
10186,2026-04-01,C1224,B2B,SK-West,Partner,Webcam,Accessories,3.0,2284.0,1329.0,0.0,101.0,Invoice,Completed,6852.0,0.0,6852.0,3987.0,2764.0
10187,2026-06-25,C1204,B2C,SK-East,Partner,Laptop Pro 14,Electronics,1.0,27637.0,22060.0,0.1,300.0,Card,Completed,27637.0,2763.7000000000003,24873.3,22060.0,2513.2999999999993
10189,2026-06-12,C1231,B2C,CZ-East,Sales Rep,Bookshelf,Furniture,5.0,5596.0,3296.0,0.0,324.0,Invoice,Cancelled,27980.0,0.0,27980.0,16480.0,11176.0
10190,2026-02-13,C1101,B2C,Unknown,Sales Rep,Laptop Pro 14,Electronics,2.0,28635.0,21871.0,0.0,303.0,Card,Completed,57270.0,0.0,57270.0,43742.0,13225.0
10191,2026-02-11,C1123,B2B,SK-East,Online,Monitor 27,Electronics,,7243.0,4907.0,0.05,218.0,Bank Transfer,Completed,,,,,
10192,2026-02-21,C1124,B2B,CZ-West,Online,Docking Station,Accessories,7.0,4598.0,2585.0,0.1,479.0,Card,Completed,32186.0,3218.6000000000004,28967.4,18095.0,10393.400000000001
10193,2026-04-08,C1086,B2C,CZ-Central,Online,Docking Station,Accessories,2.0,4249.0,2676.0,0.1,360.0,Card,Completed,8498.0,849.8000000000001,7648.2,5352.0,1936.1999999999998
10194,2026-01-05,C1076,B2B,CZ-West,Online,Monitor 27,Electronics,7.0,8152.0,5806.0,0.15,365.0,Invoice,Completed,57064.0,8559.6,48504.4,40642.0,7497.4000000000015
10195,2026-06-14,C1063,B2C,CZ-West,Partner,Docking Station,Accessories,2.0,4248.0,2822.0,0.15,543.0,Invoice,Completed,8496.0,1274.3999999999999,7221.6,5644.0,1034.6000000000004
10196,2026-01-21,C1031,B2C,SK-East,Sales Rep,Keyboard,Accessories,5.0,1917.0,979.0,,472.0,Card,Cancelled,9585.0,,,4895.0,
10197,2026-04-21,C1223,B2B,CZ-East,Partner,Monitor 27,Electronics,7.0,8138.0,4698.0,0.0,111.0,Bank Transfer,Completed,56966.0,0.0,56966.0,32886.0,23969.0
10198,2026-06-30,C1086,B2C,CZ-Central,Sales Rep,Executive Chair,Furniture,3.0,11404.0,7446.0,0.0,395.0,Invoice,Completed,34212.0,0.0,34212.0,22338.0,11479.0
10199,2026-06-16,C1288,B2B,SK-West,Sales Rep,Mouse,Accessories,4.0,1150.0,523.0,0.2,166.0,Bank Transfer,Completed,4600.0,920.0,3680.0,2092.0,1422.0
10200,2026-02-16,C1180,B2B,SK-West,Partner,Webcam,Accessories,1.0,2432.0,1300.0,0.0,222.0,Bank Transfer,Cancelled,2432.0,0.0,2432.0,1300.0,910.0
10201,2026-03-05,C1231,B2C,CZ-West,Sales Rep,Bookshelf,Furniture,2.0,5057.0,3638.0,0.05,218.0,Card,Cancelled,10114.0,505.70000000000005,9608.3,7276.0,2114.2999999999993
10202,2026-03-09,C1225,B2B,SK-East,Sales Rep,Desk 180,Furniture,4.0,13851.0,8672.0,0.0,245.0,Bank Transfer,Cancelled,55404.0,0.0,55404.0,34688.0,20471.0
10203,2026-01-11,C1224,B2B,CZ-Central,Sales Rep,Paper Shredder,Office,3.0,3170.0,1795.0,0.1,345.0,Bank Transfer,Completed,9510.0,951.0,8559.0,5385.0,2829.0
10204,2026-06-17,C1032,B2C,CZ-Central,Partner,Bookshelf,Furniture,2.0,5016.0,3529.0,0.2,251.0,Invoice,Completed,10032.0,2006.4,8025.6,7058.0,716.6000000000004
10205,2026-04-10,C1134,B2B,CZ-Central,Partner,Laptop Air 13,Electronics,1.0,22241.0,17072.0,0.15,239.0,Bank Transfer,Completed,22241.0,3336.15,18904.85,17072.0,1593.8499999999985
10206,2026-02-25,C1087,B2B,Unknown,Online,Monitor 27,Electronics,7.0,7960.0,5079.0,0.0,405.0,Card,Completed,55720.0,0.0,55720.0,35553.0,19762.0
10207,2026-01-15,C1296,B2B,SK-West,Online,Mouse,Accessories,1.0,1174.0,522.0,0.15,246.0,Bank Transfer,Completed,1174.0,176.1,997.9,522.0,229.89999999999998
10208,2026-03-06,C1050,B2B,CZ-West,Online,Paper Shredder,Office,5.0,3159.0,1790.0,0.0,448.0,Bank Transfer,Returned,15795.0,0.0,15795.0,8950.0,6397.0
10209,2026-02-24,C1046,B2C,SK-East,Partner,Bookshelf,Furniture,3.0,6096.0,3571.0,0.0,414.0,Card,Cancelled,18288.0,0.0,18288.0,10713.0,7161.0
10210,2026-02-13,C1295,B2C,CZ-Central,Online,Bookshelf,Furniture,3.0,5900.0,3392.0,0.15,228.0,Bank Transfer,Completed,17700.0,2655.0,15045.0,10176.0,4641.0
10211,2026-05-11,C1183,Unknown,SK-West,Sales Rep,Keyboard,Accessories,4.0,1782.0,983.0,0.1,211.0,Card,Returned,7128.0,712.8000000000001,6415.2,3932.0,2272.2
10212,2026-01-11,C1231,B2B,SK-East,Partner,Docking Station,Accessories,3.0,3893.0,2791.0,0.0,713.0,Bank Transfer,Completed,11679.0,0.0,11679.0,8373.0,2593.0
10213,2026-06-09,C1141,B2C,CZ-East,Sales Rep,Laptop Pro 14,Electronics,7.0,31858.0,22358.0,0.15,131.0,Bank Transfer,Cancelled,223006.0,33450.9,189555.1,156506.0,32918.100000000006
10214,2026-01-26,C1167,B2B,SK-East,Partner,Bookshelf,Furniture,1.0,5632.0,3159.0,0.15,416.0,Bank Transfer,Completed,5632.0,844.8,4787.2,3159.0,1212.1999999999998
10215,2026-02-07,C1065,B2C,SK-West,Partner,Executive Chair,Furniture,3.0,10716.0,7598.0,0.0,278.0,Card,Completed,32148.0,0.0,32148.0,22794.0,9076.0
10216,2026-07-24,C1118,B2C,CZ-Central,Sales Rep,Executive Chair,Furniture,2.0,11498.0,7465.0,0.05,382.0,Card,Returned,22996.0,1149.8,21846.2,14930.0,6534.200000000001
10217,2026-02-18,C1271,B2C,CZ-Central,Partner,Monitor 27,Electronics,2.0,7900.0,5208.0,0.15,47.0,Card,Completed,15800.0,2370.0,13430.0,10416.0,2967.0
10218,2026-05-24,C1102,B2C,SK-West,Partner,Monitor 34,Electronics,2.0,13515.0,10060.0,0.2,388.0,Bank Transfer,Cancelled,27030.0,5406.0,21624.0,20120.0,1116.0
10219,2026-02-12,C1158,B2B,SK-East,Partner,Keyboard,Accessories,3.0,1800.0,1006.0,0.0,538.0,Invoice,Completed,5400.0,0.0,5400.0,3018.0,1844.0
10220,2026-07-21,C1172,B2C,CZ-East,Sales Rep,Bookshelf,Furniture,2.0,5225.0,3558.0,0.05,332.0,Invoice,Returned,10450.0,522.5,9927.5,7116.0,2479.5
10221,2026-03-12,C1099,B2B,CZ-Central,Online,Printer,Office,3.0,6905.0,4865.0,0.15,137.0,Invoice,Cancelled,20715.0,3107.25,17607.75,14595.0,2875.75
10222,2026-02-07,C1206,B2B,CZ-West,Online,Executive Chair,Furniture,1.0,12372.0,7405.0,0.05,278.0,Invoice,Completed,12372.0,618.6,11753.4,7405.0,4070.3999999999996
10223,2026-01-05,C1254,Unknown,CZ-West,Sales Rep,Printer,Office,1.0,7063.0,4437.0,0.0,168.0,Invoice,Completed,7063.0,0.0,7063.0,4437.0,2458.0
10224,2026-01-27,C1269,B2B,SK-East,Sales Rep,Paper Shredder,Office,1.0,3160.0,1952.0,0.05,353.0,Card,Returned,3160.0,158.0,3002.0,1952.0,697.0
10225,2026-05-06,C1285,B2C,CZ-Central,Partner,Monitor 27,Electronics,7.0,7033.0,5352.0,0.0,520.0,Card,Completed,49231.0,0.0,49231.0,37464.0,11247.0
10226,2026-04-12,C1189,B2C,CZ-East,Partner,Mouse,Accessories,5.0,1107.0,478.0,0.05,171.0,Card,Returned,5535.0,276.75,5258.25,2390.0,2697.25
10227,2026-01-22,C1142,B2C,CZ-East,Online,Laptop Pro 14,Electronics,7.0,26929.0,19554.0,0.0,239.0,Bank Transfer,Completed,188503.0,0.0,188503.0,136878.0,51386.0
10228,2026-01-30,C1091,B2C,CZ-East,Partner,Monitor 27,Electronics,6.0,7637.0,5423.0,0.15,302.0,Bank Transfer,Completed,45822.0,6873.3,38948.7,32538.0,6108.699999999997
10229,2026-06-10,C1291,B2B,SK-East,Online,Paper Shredder,Office,6.0,3284.0,1841.0,0.05,397.0,Bank Transfer,Cancelled,19704.0,985.2,18718.8,11046.0,7275.799999999999
10230,2026-04-12,C1210,B2C,CZ-West,Partner,Desk 140,Furniture,3.0,9448.0,6023.0,0.1,167.0,Bank Transfer,Completed,28344.0,2834.4,25509.6,18069.0,7273.5999999999985
10231,2026-04-18,C1093,B2B,CZ-Central,Partner,Desk 180,Furniture,4.0,12449.0,8538.0,0.0,423.0,Bank Transfer,Completed,49796.0,0.0,49796.0,34152.0,15221.0
10232,2026-04-20,C1235,B2B,CZ-East,Sales Rep,Webcam,Accessories,6.0,2206.0,1383.0,0.0,157.0,Bank Transfer,Cancelled,13236.0,0.0,13236.0,8298.0,4781.0
10233,2026-02-24,C1207,B2C,CZ-Central,Online,Laptop Air 13,Electronics,1.0,19035.0,16151.0,0.0,215.0,Card,Completed,19035.0,0.0,19035.0,16151.0,2669.0
10234,2026-06-08,C1095,B2C,CZ-West,Sales Rep,Office Chair,Furniture,6.0,6291.0,3623.0,0.15,350.0,Invoice,Cancelled,37746.0,5661.9,32084.1,21738.0,9996.099999999999
10235,2026-05-17,C1034,B2B,SK-West,Online,Monitor 34,Electronics,2.0,14037.0,9549.0,0.0,287.0,Card,Completed,28074.0,0.0,28074.0,19098.0,8689.0
10236,2026-04-06,C1127,B2B,SK-West,Sales Rep,Keyboard,Accessories,1.0,1851.0,1011.0,0.05,277.0,Card,Completed,1851.0,92.55000000000001,1758.45,1011.0,470.45000000000005
10237,2026-05-17,C1032,B2C,SK-East,Online,Keyboard,Accessories,6.0,1925.0,1042.0,0.0,344.0,Bank Transfer,Cancelled,11550.0,0.0,11550.0,6252.0,4954.0
10238,2026-02-13,C1221,B2B,CZ-West,Partner,Office Chair,Furniture,5.0,6092.0,3931.0,0.0,207.0,Invoice,Cancelled,30460.0,0.0,30460.0,19655.0,10598.0
10239,2026-01-05,C1180,B2B,SK-East,Partner,Keyboard,Accessories,7.0,1910.0,995.0,0.1,307.0,Invoice,Returned,13370.0,1337.0,12033.0,6965.0,4761.0
10240,2026-03-18,C1057,B2B,CZ-West,Sales Rep,Laptop Pro 14,Electronics,4.0,29653.0,21616.0,0.0,477.0,Card,Cancelled,118612.0,0.0,118612.0,86464.0,31671.0
10241,2026-03-10,C1143,B2C,CZ-East,Online,Office Chair,Furniture,1.0,6861.0,4003.0,0.0,342.0,Card,Completed,6861.0,0.0,6861.0,4003.0,2516.0
10242,2026-01-02,C1217,B2C,CZ-West,Sales Rep,Docking Station,Accessories,7.0,4204.0,2615.0,0.0,310.0,Card,Completed,29428.0,0.0,29428.0,18305.0,10813.0
10243,2026-06-29,C1116,B2B,CZ-West,Sales Rep,Docking Station,Accessories,7.0,4080.0,2841.0,0.0,412.0,Bank Transfer,Completed,28560.0,0.0,28560.0,19887.0,8261.0
10244,2026-05-31,C1120,B2B,CZ-Central,Partner,Monitor 34,Electronics,5.0,14731.0,9410.0,0.0,449.0,Bank Transfer,Completed,73655.0,0.0,73655.0,47050.0,26156.0
10245,2026-03-17,C1255,B2C,CZ-West,Sales Rep,Desk 140,Furniture,1.0,9253.0,6221.0,0.15,163.0,Bank Transfer,Completed,9253.0,1387.95,7865.05,6221.0,1481.0500000000002
10246,2026-07-20,C1045,B2C,CZ-East,Partner,Laptop Air 13,Electronics,2.0,22382.0,16783.0,0.2,67.0,Invoice,Cancelled,44764.0,8952.800000000001,35811.2,33566.0,2178.199999999997
10247,2026-03-13,C1048,B2B,CZ-West,Online,Office Chair,Furniture,4.0,6341.0,3852.0,0.0,455.0,Invoice,Completed,25364.0,0.0,25364.0,15408.0,9501.0
10248,2026-02-24,C1081,B2B,SK-East,Sales Rep,Monitor 34,Electronics,1.0,12727.0,9025.0,0.0,328.0,Bank Transfer,Completed,12727.0,0.0,12727.0,9025.0,3374.0
10249,2026-03-13,C1098,B2C,SK-East,Sales Rep,Webcam,Accessories,3.0,2459.0,1320.0,0.0,342.0,Invoice,Completed,7377.0,0.0,7377.0,3960.0,3075.0
10250,2026-06-17,C1143,B2C,CZ-West,Sales Rep,Office Chair,Furniture,4.0,5966.0,3973.0,0.1,408.0,Card,Returned,23864.0,2386.4,21477.6,15892.0,5177.5999999999985
10251,2026-06-19,C1092,B2B,CZ-West,Online,Desk 180,Furniture,6.0,12277.0,8256.0,0.2,356.0,Bank Transfer,Completed,73662.0,14732.400000000001,58929.6,49536.0,9037.599999999999
10252,2026-05-21,C1225,B2B,SK-East,Sales Rep,Laptop Pro 14,Electronics,6.0,28012.0,22599.0,0.15,208.0,Invoice,Completed,168072.0,25210.8,142861.2,135594.0,7059.200000000012
10253,2026-04-05,C1079,B2C,SK-East,Partner,Desk 140,Furniture,4.0,9161.0,6037.0,0.15,,Bank Transfer,Returned,36644.0,5496.599999999999,31147.4,24148.0,
10254,2026-06-05,C1230,B2B,SK-West,Sales Rep,Keyboard,Accessories,4.0,1808.0,983.0,0.05,347.0,Bank Transfer,Completed,7232.0,361.6,6870.4,3932.0,2591.3999999999996
10255,2026-06-23,C1077,B2B,CZ-West,Partner,Office Chair,Furniture,7.0,7070.0,3841.0,0.2,208.0,Bank Transfer,Completed,49490.0,9898.0,39592.0,26887.0,12497.0
10256,2026-02-17,C1105,B2C,CZ-Central,Partner,Monitor 27,Electronics,6.0,8497.0,5180.0,0.15,699.0,Card,Completed,50982.0,7647.299999999999,43334.7,31080.0,11555.699999999997
10257,2026-05-06,C1244,B2B,CZ-West,Sales Rep,Mouse,Accessories,2.0,1076.0,523.0,0.0,422.0,Invoice,Completed,2152.0,0.0,2152.0,1046.0,684.0
10258,2026-02-24,C1141,B2B,SK-West,Online,Paper Shredder,Office,2.0,3264.0,1838.0,0.1,216.0,Invoice,Cancelled,6528.0,652.8000000000001,5875.2,3676.0,1983.1999999999998
10259,2026-04-06,C1261,B2C,SK-East,Sales Rep,Bookshelf,Furniture,3.0,5813.0,3585.0,0.0,714.0,Invoice,Completed,17439.0,0.0,17439.0,10755.0,5970.0
10260,2026-03-10,C1257,B2B,CZ-East,Partner,Keyboard,Accessories,3.0,1777.0,968.0,0.0,367.0,Bank Transfer,Completed,5331.0,0.0,5331.0,2904.0,2060.0
10261,2026-01-09,C1196,B2C,SK-West,Sales Rep,Executive Chair,Furniture,1.0,13414.0,7671.0,0.0,180.0,Invoice,Completed,13414.0,0.0,13414.0,7671.0,5563.0
10262,2026-06-28,C1140,B2B,CZ-East,Online,Monitor 27,Electronics,3.0,8853.0,5314.0,0.0,190.0,Bank Transfer,Completed,26559.0,0.0,26559.0,15942.0,10427.0
10263,2026-02-11,C1078,B2C,SK-West,Online,Monitor 27,Electronics,5.0,7907.0,5155.0,0.0,244.0,Bank Transfer,Completed,39535.0,0.0,39535.0,25775.0,13516.0
10264,2026-02-25,C1213,B2B,SK-East,Partner,Executive Chair,Furniture,7.0,11690.0,7461.0,0.1,406.0,Bank Transfer,Cancelled,81830.0,8183.0,73647.0,52227.0,21014.0
10265,2026-04-07,C1027,B2B,SK-West,Partner,Printer,Office,1.0,6541.0,4703.0,0.1,306.0,Invoice,Completed,6541.0,654.1,5886.9,4703.0,877.8999999999996
10267,2026-05-17,C1126,B2C,Unknown,Sales Rep,Bookshelf,Furniture,4.0,5238.0,3320.0,0.1,191.0,Invoice,Returned,20952.0,2095.2000000000003,18856.8,13280.0,5385.799999999999
10268,2026-01-18,C1064,B2B,SK-West,Online,Bookshelf,Furniture,2.0,5498.0,3672.0,0.1,125.0,Invoice,Completed,10996.0,1099.6000000000001,9896.4,7344.0,2427.3999999999996
10269,2026-06-02,C1012,B2B,CZ-East,Online,Laptop Air 13,Electronics,5.0,21828.0,17165.0,0.35,308.0,Bank Transfer,Cancelled,109140.0,38199.0,70941.0,85825.0,-15192.0
10270,2026-01-20,C1185,B2C,SK-East,Online,Docking Station,Accessories,3.0,4284.0,2727.0,0.05,397.0,Bank Transfer,Completed,12852.0,642.6,12209.4,8181.0,3631.3999999999996
10271,2026-02-07,C1105,B2C,SK-East,Partner,Laptop Pro 14,Electronics,6.0,30269.0,21921.0,0.1,62.0,Card,Cancelled,181614.0,18161.4,163452.6,131526.0,31864.600000000006
10272,2026-01-06,C1036,B2B,CZ-West,Sales Rep,Laptop Air 13,Electronics,3.0,23094.0,16483.0,0.2,141.0,Bank Transfer,Completed,69282.0,13856.400000000001,55425.6,49449.0,5835.5999999999985
10273,2026-05-02,C1113,B2B,SK-East,Partner,Printer,Office,2.0,7357.0,4752.0,,371.0,Bank Transfer,Completed,14714.0,,,9504.0,
10274,2026-05-18,C1002,B2C,CZ-West,Online,Executive Chair,Furniture,1.0,12219.0,7947.0,,260.0,Invoice,Cancelled,12219.0,,,7947.0,
10275,2026-06-25,C1026,B2B,CZ-East,Partner,Desk 180,Furniture,1.0,12663.0,8725.0,0.15,0.0,Bank Transfer,Completed,12663.0,1899.4499999999998,10763.55,8725.0,2038.5499999999993
10276,2026-07-06,C1283,B2B,CZ-Central,Sales Rep,Bookshelf,Furniture,4.0,5604.0,3681.0,0.0,436.0,Card,Cancelled,22416.0,0.0,22416.0,14724.0,7256.0
10277,2026-05-20,C1205,B2B,Unknown,Sales Rep,Laptop Air 13,Electronics,7.0,21521.0,16666.0,0.0,282.0,Card,Returned,150647.0,0.0,150647.0,116662.0,33703.0
10278,2026-06-10,C1172,B2B,CZ-East,Partner,Keyboard,Accessories,,1628.0,1000.0,0.15,526.0,Invoice,Cancelled,,,,,
10279,2026-02-19,C1045,B2B,CZ-West,Sales Rep,Laptop Air 13,Electronics,4.0,21856.0,16078.0,0.1,707.0,Invoice,Completed,87424.0,8742.4,78681.6,64312.0,13662.600000000006
10280,2026-06-28,C1059,B2C,SK-East,Online,Laptop Air 13,Electronics,5.0,21650.0,15052.0,0.0,434.0,Unknown,Completed,108250.0,0.0,108250.0,75260.0,32556.0
10281,2026-01-27,C1166,B2B,SK-East,Online,Office Chair,Furniture,3.0,6442.0,3997.0,0.1,348.0,Card,Completed,19326.0,1932.6000000000001,17393.4,11991.0,5054.4000000000015
10282,2026-06-06,C1149,B2B,CZ-West,Sales Rep,Executive Chair,Furniture,3.0,12763.0,8078.0,0.1,180.0,Invoice,Completed,38289.0,3828.9,34460.1,24234.0,10046.099999999999
10283,2026-01-23,C1071,B2B,CZ-West,Partner,Mouse,Accessories,3.0,1074.0,502.0,0.2,166.0,Invoice,Cancelled,3222.0,644.4000000000001,2577.6,1506.0,905.5999999999999
10284,2026-02-02,C1078,B2C,CZ-West,Partner,Laptop Air 13,Electronics,7.0,18695.0,16731.0,0.1,326.0,Invoice,Returned,130865.0,13086.5,117778.5,117117.0,335.5
10285,2026-05-04,C1096,B2B,CZ-East,Partner,Paper Shredder,Office,4.0,6971.0,1853.0,0.05,414.0,Invoice,Completed,27884.0,1394.2,26489.8,7412.0,18663.8
10286,2026-04-15,C1017,B2B,CZ-East,Sales Rep,Webcam,Accessories,2.0,2161.0,1316.0,0.05,158.0,Invoice,Completed,4322.0,216.10000000000002,4105.9,2632.0,1315.8999999999996
10287,2026-05-03,C1197,B2C,Unknown,Online,Bookshelf,Furniture,3.0,5929.0,3539.0,0.1,199.0,Card,Cancelled,17787.0,1778.7,16008.3,10617.0,5192.299999999999
10288,2026-07-25,C1004,B2C,SK-East,Partner,Office Chair,Furniture,7.0,6001.0,3759.0,0.05,82.0,Bank Transfer,Completed,42007.0,2100.35,39906.65,26313.0,13511.650000000001
10289,2026-05-05,C1101,B2B,CZ-Central,Online,Webcam,Accessories,3.0,2489.0,1179.0,0.1,281.0,Unknown,Returned,7467.0,746.7,6720.3,3537.0,2902.3
10290,2026-03-20,C1283,B2B,CZ-Central,Sales Rep,Monitor 27,Electronics,2.0,8899.0,5080.0,0.05,575.0,Card,Returned,17798.0,889.9000000000001,16908.1,10160.0,6173.0999999999985
10291,2026-03-22,C1231,B2C,SK-East,Partner,Printer,Office,6.0,6503.0,4515.0,0.0,459.0,Invoice,Completed,39018.0,0.0,39018.0,27090.0,11469.0
10292,2026-07-28,C1188,B2C,SK-West,Partner,Office Chair,Furniture,4.0,6475.0,4028.0,0.05,267.0,Bank Transfer,Returned,25900.0,1295.0,24605.0,16112.0,8226.0
10293,2026-02-28,C1015,B2C,CZ-East,Partner,Desk 180,Furniture,6.0,13319.0,8605.0,0.05,333.0,Bank Transfer,Cancelled,79914.0,3995.7000000000003,75918.3,51630.0,23955.300000000003
10295,2026-04-29,C1110,B2B,SK-East,Partner,Mouse,Accessories,6.0,1101.0,510.0,0.0,366.0,Invoice,Completed,6606.0,0.0,6606.0,3060.0,3180.0
10296,2026-04-24,C1272,B2C,CZ-West,Partner,Desk 140,Furniture,5.0,9013.0,6286.0,0.0,574.0,Card,Completed,45065.0,0.0,45065.0,31430.0,13061.0
10297,2026-01-03,C1152,B2B,SK-East,Sales Rep,Keyboard,Accessories,6.0,1912.0,1013.0,0.0,320.0,Card,Completed,11472.0,0.0,11472.0,6078.0,5074.0
10298,2026-07-16,C1097,B2B,CZ-East,Partner,Keyboard,Accessories,3.0,2024.0,1067.0,0.05,13.0,Invoice,Completed,6072.0,303.6,5768.4,3201.0,2554.3999999999996
10299,2026-02-25,C1139,B2B,CZ-East,Partner,Monitor 34,Electronics,2.0,14304.0,10277.0,0.1,533.0,Bank Transfer,Completed,28608.0,2860.8,25747.2,20554.0,4660.200000000001
10300,2026-04-11,C1197,B2C,SK-West,Partner,Mouse,Accessories,1.0,1213.0,524.0,0.2,337.0,Bank Transfer,Returned,1213.0,242.60000000000002,970.4,524.0,109.39999999999998
10301,2026-04-25,C1185,B2B,CZ-West,Online,Mouse,Accessories,2.0,1086.0,557.0,0.0,396.0,Invoice,Completed,2172.0,0.0,2172.0,1114.0,662.0
10302,2026-06-01,C1060,B2B,CZ-West,Sales Rep,Laptop Air 13,Electronics,2.0,21808.0,16156.0,0.0,244.0,Invoice,Returned,43616.0,0.0,43616.0,32312.0,11060.0
10303,2026-07-07,C1195,B2C,SK-East,Sales Rep,Desk 140,Furniture,6.0,9458.0,5889.0,0.0,406.0,Invoice,Completed,56748.0,0.0,56748.0,35334.0,21008.0
10304,2026-06-25,C1138,B2C,SK-East,Online,Docking Station,Accessories,5.0,4398.0,2695.0,0.0,276.0,Invoice,Completed,21990.0,0.0,21990.0,13475.0,8239.0
10305,2026-03-15,C1265,B2B,CZ-East,Online,Laptop Pro 14,Electronics,3.0,28148.0,19615.0,0.1,267.0,Card,Completed,84444.0,8444.4,75999.6,58845.0,16887.600000000006
10306,2026-04-28,C1175,B2C,SK-East,Sales Rep,Printer,Office,,7049.0,4709.0,0.2,556.0,Card,Completed,,,,,
10307,2026-04-28,C1102,B2C,SK-East,Sales Rep,Desk 180,Furniture,3.0,13263.0,9709.0,0.0,526.0,Bank Transfer,Returned,39789.0,0.0,39789.0,29127.0,10136.0
10308,2026-02-08,C1213,B2C,SK-East,Partner,Office Chair,Furniture,4.0,5841.0,4098.0,0.15,181.0,Invoice,Completed,23364.0,3504.6,19859.4,16392.0,3286.4000000000015
10309,2026-07-01,C1087,B2B,SK-East,Online,Keyboard,Accessories,2.0,1909.0,1035.0,0.1,407.0,Invoice,Completed,3818.0,381.8,3436.2,2070.0,959.1999999999998
10310,2026-02-19,C1122,B2C,CZ-East,Online,Docking Station,Accessories,6.0,3795.0,2611.0,0.15,360.0,Invoice,Completed,22770.0,3415.5,19354.5,15666.0,3328.5
10311,2026-06-26,C1118,B2B,SK-East,Sales Rep,Keyboard,Accessories,5.0,1923.0,1026.0,0.05,181.0,Card,Returned,9615.0,480.75,9134.25,5130.0,3823.25
10312,2026-03-23,C1092,B2C,CZ-Central,Sales Rep,Executive Chair,Furniture,4.0,12488.0,7417.0,0.0,60.0,Card,Completed,49952.0,0.0,49952.0,29668.0,20224.0
10313,2026-06-21,C1223,B2B,CZ-East,Sales Rep,Bookshelf,Furniture,5.0,5370.0,3404.0,0.15,350.0,Card,Returned,26850.0,4027.5,22822.5,17020.0,5452.5
10314,2026-03-17,C1116,B2B,CZ-West,Partner,Bookshelf,Furniture,2.0,5326.0,3494.0,0.05,182.0,Card,Cancelled,10652.0,532.6,10119.4,6988.0,2949.3999999999996
10315,2026-07-03,C1049,B2C,SK-West,Partner,Office Chair,Furniture,2.0,6649.0,3849.0,0.0,,Bank Transfer,Completed,13298.0,0.0,13298.0,7698.0,
10316,2026-06-03,C1105,B2B,Unknown,Sales Rep,Mouse,Accessories,6.0,1037.0,550.0,0.15,550.0,Invoice,Cancelled,6222.0,933.3,5288.7,3300.0,1438.6999999999998
10317,2026-02-21,C1074,B2C,SK-East,Sales Rep,Laptop Air 13,Electronics,3.0,22114.0,17244.0,0.0,317.0,Card,Completed,66342.0,0.0,66342.0,51732.0,14293.0
10318,2026-04-19,C1076,B2C,SK-East,Partner,Executive Chair,Furniture,4.0,12221.0,7293.0,0.0,271.0,Card,Completed,48884.0,0.0,48884.0,29172.0,19441.0
10319,2026-03-24,C1267,B2C,CZ-Central,Sales Rep,Monitor 27,Electronics,4.0,7891.0,5064.0,0.05,521.0,Bank Transfer,Returned,31564.0,1578.2,29985.8,20256.0,9208.8
10320,2026-01-12,C1160,B2B,CZ-Central,Partner,Monitor 27,Electronics,4.0,8642.0,5306.0,0.0,384.0,Invoice,Completed,34568.0,0.0,34568.0,21224.0,12960.0
10321,2026-06-14,C1061,B2B,SK-West,Sales Rep,Office Chair,Furniture,2.0,6253.0,3626.0,0.0,500.0,Invoice,Completed,12506.0,0.0,12506.0,7252.0,4754.0
10322,2026-04-30,C1170,Unknown,CZ-East,Sales Rep,Laptop Air 13,Electronics,7.0,21419.0,17318.0,0.1,389.0,Invoice,Cancelled,149933.0,14993.300000000001,134939.7,121226.0,13324.700000000012
10323,2026-01-22,C1094,B2B,SK-East,Partner,Desk 140,Furniture,5.0,9346.0,6389.0,0.0,295.0,Invoice,Completed,46730.0,0.0,46730.0,31945.0,14490.0
10324,2026-03-04,C1196,B2C,CZ-East,Sales Rep,Monitor 27,Electronics,6.0,7876.0,5347.0,0.1,160.0,Card,Completed,47256.0,4725.6,42530.4,32082.0,10288.400000000001
10325,2026-01-29,C1035,B2C,SK-West,Online,Office Chair,Furniture,4.0,5796.0,3927.0,0.0,77.0,Invoice,Returned,23184.0,0.0,23184.0,15708.0,7399.0
10326,2026-05-02,C1067,B2C,SK-East,Partner,Executive Chair,Furniture,7.0,11779.0,8160.0,0.0,156.0,Card,Completed,82453.0,0.0,82453.0,57120.0,25177.0
10327,2026-05-12,C1105,B2C,CZ-West,Sales Rep,Office Chair,Furniture,6.0,5849.0,3863.0,0.2,515.0,Bank Transfer,Completed,35094.0,7018.8,28075.2,23178.0,4382.200000000001
10328,2026-02-28,C1006,B2B,CZ-Central,Partner,Laptop Air 13,Electronics,2.0,23240.0,17161.0,0.0,254.0,Card,Returned,46480.0,0.0,46480.0,34322.0,11904.0
10329,2026-01-09,C1008,B2B,SK-East,Partner,Docking Station,Accessories,4.0,3792.0,2712.0,0.05,152.0,Card,Returned,15168.0,758.4000000000001,14409.6,10848.0,3409.6000000000004
10330,2026-05-09,C1073,B2B,SK-East,Partner,Desk 180,Furniture,1.0,12362.0,8324.0,0.1,444.0,Bank Transfer,Returned,12362.0,1236.2,11125.8,8324.0,2357.7999999999993
10331,2026-02-16,C1135,B2C,SK-West,Sales Rep,Laptop Air 13,Electronics,7.0,22912.0,17035.0,0.1,286.0,Card,Completed,160384.0,16038.400000000001,144345.6,119245.0,24814.600000000006
10332,2026-05-09,C1227,B2B,CZ-Central,Sales Rep,Mouse,Accessories,1.0,1069.0,530.0,0.0,531.0,Invoice,Completed,1069.0,0.0,1069.0,530.0,8.0
10333,2026-01-14,C1230,B2B,CZ-Central,Sales Rep,Executive Chair,Furniture,1.0,11908.0,7583.0,0.0,257.0,Invoice,Completed,11908.0,0.0,11908.0,7583.0,4068.0
10334,2026-04-08,C1064,B2B,CZ-East,Online,Webcam,Accessories,5.0,2558.0,1335.0,0.0,284.0,Bank Transfer,Completed,12790.0,0.0,12790.0,6675.0,5831.0
10335,2026-01-27,C1123,B2C,CZ-East,Online,Printer,Office,6.0,6493.0,4539.0,0.0,562.0,Card,Completed,38958.0,0.0,38958.0,27234.0,11162.0
10336,2026-07-13,C1161,B2B,CZ-West,Online,Monitor 34,Electronics,1.0,13371.0,9657.0,0.0,245.0,Card,Completed,13371.0,0.0,13371.0,9657.0,3469.0
10337,2026-04-26,C1098,B2B,CZ-West,Partner,Keyboard,Accessories,3.0,1996.0,920.0,0.35,415.0,Card,Completed,5988.0,2095.7999999999997,3892.2000000000003,2760.0,717.2000000000003
10338,2026-07-05,C1117,B2C,CZ-East,Online,Monitor 27,Electronics,7.0,8812.0,4854.0,0.2,192.0,Invoice,Completed,61684.0,12336.800000000001,49347.2,33978.0,15177.199999999997
10339,2026-03-30,C1115,B2C,SK-West,Online,Executive Chair,Furniture,1.0,12296.0,7670.0,0.2,331.0,Invoice,Completed,12296.0,2459.2000000000003,9836.8,7670.0,1835.7999999999993
10340,2026-03-27,C1045,B2C,CZ-West,Sales Rep,Laptop Pro 14,Electronics,7.0,27748.0,20505.0,0.0,233.0,Card,Completed,194236.0,0.0,194236.0,143535.0,50468.0
10341,2026-02-21,C1256,B2C,CZ-West,Online,Printer,Office,2.0,7001.0,4545.0,0.2,311.0,Invoice,Completed,14002.0,2800.4,11201.6,9090.0,1800.6000000000004
10342,2026-02-05,C1154,B2C,CZ-East,Online,Laptop Pro 14,Electronics,5.0,29997.0,20729.0,0.35,168.0,Invoice,Completed,149985.0,52494.75,97490.25,103645.0,-6322.75
10344,2026-01-28,C1161,B2C,CZ-West,Partner,Monitor 34,Electronics,6.0,13207.0,9955.0,0.0,445.0,Bank Transfer,Cancelled,79242.0,0.0,79242.0,59730.0,19067.0
10345,2026-02-02,C1233,B2C,CZ-West,Sales Rep,Paper Shredder,Office,1.0,3227.0,1870.0,0.05,206.0,Card,Completed,3227.0,161.35000000000002,3065.65,1870.0,989.6500000000001
10346,2026-05-24,C1033,B2B,SK-East,Sales Rep,Monitor 34,Electronics,7.0,13347.0,9540.0,0.0,457.0,Bank Transfer,Completed,93429.0,0.0,93429.0,66780.0,26192.0
10347,2026-03-01,C1172,B2B,SK-East,Partner,Printer,Office,2.0,7323.0,4599.0,0.05,326.0,Bank Transfer,Completed,14646.0,732.3000000000001,13913.7,9198.0,4389.700000000001
10348,2026-02-10,C1248,B2B,SK-West,Online,Printer,Office,5.0,6699.0,5055.0,0.15,7.0,Invoice,Completed,33495.0,5024.25,28470.75,25275.0,3188.75
10349,2026-01-14,C1072,B2C,SK-West,Partner,Monitor 27,Electronics,6.0,8332.0,5050.0,0.0,142.0,Invoice,Completed,49992.0,0.0,49992.0,30300.0,19550.0
10350,2026-07-11,C1256,B2C,SK-West,Online,Keyboard,Accessories,4.0,1932.0,927.0,0.05,216.0,Bank Transfer,Returned,7728.0,386.40000000000003,7341.6,3708.0,3417.6000000000004
10351,2026-05-05,C1073,B2C,CZ-West,Online,Desk 140,Furniture,4.0,7956.0,6447.0,0.1,215.0,Card,Returned,31824.0,3182.4,28641.6,25788.0,2638.5999999999985
10352,2026-02-24,C1262,B2C,SK-West,Partner,Bookshelf,Furniture,3.0,5556.0,3532.0,0.1,379.0,Card,Completed,16668.0,1666.8000000000002,15001.2,10596.0,4026.2000000000007
10353,2026-03-10,C1070,B2B,CZ-Central,Sales Rep,Executive Chair,Furniture,4.0,11666.0,6835.0,0.0,177.0,Card,Completed,46664.0,0.0,46664.0,27340.0,19147.0
10354,2026-06-28,C1111,B2B,CZ-Central,Online,Keyboard,Accessories,7.0,1755.0,979.0,0.1,217.0,Card,Cancelled,12285.0,1228.5,11056.5,6853.0,3986.5
10355,2026-05-29,C1185,B2B,SK-East,Partner,Laptop Air 13,Electronics,6.0,21857.0,17074.0,0.05,316.0,Invoice,Completed,131142.0,6557.1,124584.9,102444.0,21824.899999999994
10356,2026-03-23,C1236,B2B,CZ-Central,Partner,Docking Station,Accessories,,3861.0,2615.0,0.05,235.0,Bank Transfer,Completed,,,,,
10357,2026-05-17,C1234,B2C,CZ-Central,Online,Printer,Office,1.0,6353.0,4616.0,0.0,542.0,Bank Transfer,Returned,6353.0,0.0,6353.0,4616.0,1195.0
10358,2026-01-30,C1195,B2B,CZ-West,Partner,Docking Station,Accessories,2.0,4185.0,2958.0,0.0,213.0,Card,Completed,8370.0,0.0,8370.0,5916.0,2241.0
10359,2026-01-04,C1289,B2C,CZ-Central,Online,Keyboard,Accessories,4.0,1978.0,1057.0,0.15,283.0,Bank Transfer,Completed,7912.0,1186.8,6725.2,4228.0,2214.2
10360,2026-06-12,C1245,B2C,CZ-East,Online,Desk 140,Furniture,2.0,9295.0,6676.0,0.05,261.0,Invoice,Completed,18590.0,929.5,17660.5,13352.0,4047.5
10361,2026-04-06,C1164,B2C,CZ-West,Online,Docking Station,Accessories,6.0,4295.0,2479.0,0.2,530.0,Card,Completed,25770.0,5154.0,20616.0,14874.0,5212.0
10362,2026-05-10,C1211,B2C,CZ-Central,Sales Rep,Mouse,Accessories,2.0,1064.0,535.0,0.0,202.0,Card,Returned,2128.0,0.0,2128.0,1070.0,856.0
10363,2026-03-11,C1193,B2B,SK-West,Sales Rep,Executive Chair,Furniture,5.0,12679.0,7748.0,0.0,,Bank Transfer,Completed,63395.0,0.0,63395.0,38740.0,
10364,2026-04-10,C1195,B2B,SK-East,Online,Docking Station,Accessories,5.0,3976.0,2647.0,0.0,268.0,Invoice,Completed,19880.0,0.0,19880.0,13235.0,6377.0
10365,2026-04-06,C1057,B2C,Unknown,Online,Bookshelf,Furniture,1.0,5286.0,3374.0,0.0,257.0,Bank Transfer,Completed,5286.0,0.0,5286.0,3374.0,1655.0
10366,2026-04-24,C1168,B2B,CZ-West,Partner,Paper Shredder,Office,1.0,3139.0,1990.0,0.1,666.0,Card,Completed,3139.0,313.90000000000003,2825.1,1990.0,169.0999999999999
10367,2026-03-05,C1051,B2B,SK-West,Online,Laptop Pro 14,Electronics,5.0,32501.0,20676.0,0.15,349.0,Invoice,Completed,162505.0,24375.75,138129.25,103380.0,34400.25
10368,2026-03-04,C1118,B2B,CZ-East,Online,Printer,Office,2.0,6896.0,4376.0,0.0,467.0,Card,Completed,13792.0,0.0,13792.0,8752.0,4573.0
10369,2026-01-12,C1274,B2B,SK-West,Online,Printer,Office,6.0,7206.0,4482.0,0.2,342.0,Bank Transfer,Completed,43236.0,8647.2,34588.8,26892.0,7354.800000000003
10370,2026-02-18,C1197,B2C,CZ-West,Partner,Desk 180,Furniture,1.0,12293.0,9550.0,0.05,506.0,Bank Transfer,Cancelled,12293.0,614.6500000000001,11678.35,9550.0,1622.3500000000004
10371,2026-05-23,C1012,B2C,Unknown,Partner,Office Chair,Furniture,3.0,6491.0,4064.0,0.0,326.0,Card,Returned,19473.0,0.0,19473.0,12192.0,6955.0
10372,2026-06-23,C1043,B2B,CZ-East,Online,Office Chair,Furniture,2.0,6287.0,4090.0,0.1,429.0,Card,Completed,12574.0,1257.4,11316.6,8180.0,2707.6000000000004
10373,2026-01-06,C1166,B2C,CZ-West,Sales Rep,Desk 140,Furniture,2.0,8233.0,6181.0,0.0,416.0,Card,Completed,16466.0,0.0,16466.0,12362.0,3688.0
10374,2026-04-23,C1254,B2B,CZ-West,Online,Paper Shredder,Office,6.0,3279.0,1845.0,0.05,414.0,Card,Completed,19674.0,983.7,18690.3,11070.0,7206.299999999999
10375,2026-01-23,C1028,B2C,CZ-West,Partner,Monitor 34,Electronics,7.0,14956.0,10218.0,0.1,596.0,Invoice,Completed,104692.0,10469.2,94222.8,71526.0,22100.800000000003
10376,2026-05-09,C1010,B2C,CZ-Central,Partner,Mouse,Accessories,1.0,1117.0,512.0,0.0,437.0,Card,Completed,1117.0,0.0,1117.0,512.0,168.0
10377,2026-06-19,C1203,B2B,CZ-West,Online,Bookshelf,Furniture,7.0,5741.0,3481.0,0.05,211.0,Bank Transfer,Completed,40187.0,2009.3500000000001,38177.65,24367.0,13599.650000000001
10378,2026-04-19,C1215,B2B,SK-West,Partner,Laptop Air 13,Electronics,2.0,21832.0,16759.0,0.0,415.0,Invoice,Completed,43664.0,0.0,43664.0,33518.0,9731.0
10379,2026-07-13,C1089,B2C,SK-East,Online,Desk 180,Furniture,6.0,11980.0,9279.0,0.0,457.0,Bank Transfer,Completed,71880.0,0.0,71880.0,55674.0,15749.0
10380,2026-04-18,C1026,B2B,SK-East,Online,Webcam,Accessories,4.0,2426.0,1333.0,0.0,182.0,Card,Completed,9704.0,0.0,9704.0,5332.0,4190.0
10381,2026-01-10,C1023,B2B,CZ-Central,Sales Rep,Monitor 27,Electronics,1.0,7435.0,5050.0,0.0,129.0,Card,Cancelled,7435.0,0.0,7435.0,5050.0,2256.0
10382,2026-03-14,C1207,B2C,CZ-East,Partner,Bookshelf,Furniture,7.0,5561.0,3648.0,0.05,291.0,Bank Transfer,Returned,38927.0,1946.3500000000001,36980.65,25536.0,11153.650000000001
10383,2026-04-12,C1160,B2B,CZ-Central,Online,Monitor 27,Electronics,3.0,8424.0,5289.0,0.1,387.0,Card,Completed,25272.0,2527.2000000000003,22744.8,15867.0,6490.799999999999
10384,2026-06-26,C1138,B2B,SK-West,Partner,Monitor 27,Electronics,5.0,7871.0,5346.0,0.0,462.0,Invoice,Completed,39355.0,0.0,39355.0,26730.0,12163.0
10385,2026-04-14,C1146,B2B,CZ-West,Online,Executive Chair,Furniture,2.0,12919.0,7626.0,0.05,62.0,Invoice,Completed,25838.0,1291.9,24546.1,15252.0,9232.099999999999
10386,2026-04-04,C1096,B2B,CZ-West,Partner,Keyboard,Accessories,,1970.0,923.0,0.0,531.0,Invoice,Cancelled,,,,,
10387,2026-04-25,C1184,B2B,CZ-West,Partner,Office Chair,Furniture,6.0,6476.0,4042.0,0.1,476.0,Card,Completed,38856.0,3885.6000000000004,34970.4,24252.0,10242.400000000001
10388,2026-07-24,C1279,B2B,CZ-West,Partner,Laptop Pro 14,Electronics,4.0,29484.0,20678.0,0.05,442.0,Invoice,Completed,117936.0,5896.8,112039.2,82712.0,28885.199999999997
10389,2026-02-16,C1283,B2B,CZ-Central,Sales Rep,Executive Chair,Furniture,1.0,11636.0,7704.0,0.0,550.0,Bank Transfer,Completed,11636.0,0.0,11636.0,7704.0,3382.0
10390,2026-06-19,C1057,B2B,SK-West,Sales Rep,Paper Shredder,Office,3.0,3263.0,2023.0,0.15,375.0,Bank Transfer,Returned,9789.0,1468.35,8320.65,6069.0,1876.6499999999996
10391,2026-06-17,C1176,B2C,CZ-West,Online,Printer,Office,1.0,6765.0,4667.0,0.0,52.0,Card,Completed,6765.0,0.0,6765.0,4667.0,2046.0
10392,2026-03-04,C1258,B2B,CZ-West,Sales Rep,Office Chair,Furniture,3.0,6051.0,4172.0,0.1,242.0,Card,Completed,18153.0,1815.3000000000002,16337.7,12516.0,3579.7000000000007
10393,2026-05-06,C1094,B2B,CZ-East,Online,Printer,Office,,6732.0,4507.0,0.05,359.0,Invoice,Completed,,,,,
10394,2026-07-02,C1197,B2C,CZ-East,Sales Rep,Laptop Pro 14,Electronics,6.0,6971.0,21348.0,0.0,341.0,Card,Cancelled,41826.0,0.0,41826.0,128088.0,-86603.0
10395,2026-03-02,C1259,B2C,CZ-East,Partner,Laptop Pro 14,Electronics,1.0,29795.0,21815.0,0.0,179.0,Invoice,Completed,29795.0,0.0,29795.0,21815.0,7801.0
10396,2026-01-30,C1074,B2C,SK-East,Partner,Docking Station,Accessories,2.0,4235.0,2817.0,0.2,297.0,Invoice,Completed,8470.0,1694.0,6776.0,5634.0,845.0
10397,2026-01-24,C1207,B2B,SK-East,Online,Desk 180,Furniture,1.0,13028.0,9177.0,0.15,360.0,Invoice,Returned,13028.0,1954.1999999999998,11073.8,9177.0,1536.7999999999993
10398,2026-03-28,C1299,B2B,Unknown,Sales Rep,Printer,Office,4.0,6908.0,4691.0,0.0,264.0,Bank Transfer,Completed,27632.0,0.0,27632.0,18764.0,8604.0
10399,2026-03-04,C1069,B2B,SK-East,Sales Rep,Office Chair,Furniture,5.0,5594.0,3846.0,0.0,556.0,Bank Transfer,Completed,27970.0,0.0,27970.0,19230.0,8184.0
10400,2026-01-24,C1207,B2C,CZ-East,Partner,Desk 140,Furniture,3.0,8995.0,6232.0,0.0,329.0,Invoice,Completed,26985.0,0.0,26985.0,18696.0,7960.0
10401,2026-04-28,C1295,B2B,CZ-West,Sales Rep,Monitor 27,Electronics,7.0,7605.0,5091.0,0.0,343.0,Bank Transfer,Completed,53235.0,0.0,53235.0,35637.0,17255.0
10402,2026-06-09,C1006,B2C,SK-West,Partner,Monitor 34,Electronics,2.0,14305.0,9298.0,0.15,280.0,Card,Completed,28610.0,4291.5,24318.5,18596.0,5442.5
10403,2026-06-22,C1207,B2C,SK-West,Online,Webcam,Accessories,1.0,2316.0,1300.0,0.0,408.0,Invoice,Completed,2316.0,0.0,2316.0,1300.0,608.0
10404,2026-01-07,C1115,B2B,SK-West,Partner,Paper Shredder,Office,1.0,3262.0,2043.0,0.1,310.0,Card,Returned,3262.0,326.20000000000005,2935.8,2043.0,582.8000000000002
10405,2026-05-11,C1090,B2C,CZ-East,Sales Rep,Laptop Air 13,Electronics,3.0,20489.0,15267.0,0.0,173.0,Bank Transfer,Completed,61467.0,0.0,61467.0,45801.0,15493.0
10406,2026-05-25,C1085,B2B,CZ-Central,Partner,Executive Chair,Furniture,4.0,10573.0,7450.0,0.2,435.0,Card,Cancelled,42292.0,8458.4,33833.6,29800.0,3598.5999999999985
10407,2026-04-29,C1209,B2C,CZ-West,Partner,Paper Shredder,Office,4.0,3521.0,1938.0,0.05,104.0,Invoice,Completed,14084.0,704.2,13379.8,7752.0,5523.799999999999
10408,2026-03-19,C1124,B2C,SK-East,Sales Rep,Desk 140,Furniture,1.0,8709.0,5830.0,0.1,336.0,Invoice,Completed,8709.0,870.9000000000001,7838.1,5830.0,1672.1000000000004
10409,2026-01-01,C1193,B2C,SK-West,Sales Rep,Mouse,Accessories,5.0,1170.0,500.0,0.05,373.0,Card,Completed,5850.0,292.5,5557.5,2500.0,2684.5
10410,2026-05-07,C1274,B2C,SK-East,Online,Webcam,Accessories,5.0,2169.0,1373.0,0.15,,Card,Completed,10845.0,1626.75,9218.25,6865.0,
10411,2026-06-10,C1156,B2C,CZ-East,Partner,Printer,Office,4.0,7697.0,5073.0,0.0,329.0,Card,Cancelled,30788.0,0.0,30788.0,20292.0,10167.0
10412,2026-03-21,C1001,B2B,SK-West,Partner,Monitor 27,Electronics,6.0,8364.0,5088.0,0.0,99.0,Card,Returned,50184.0,0.0,50184.0,30528.0,19557.0
10413,2026-02-17,C1177,B2C,SK-East,Sales Rep,Desk 140,Furniture,5.0,9026.0,5870.0,,428.0,Card,Completed,45130.0,,,29350.0,
10414,2026-05-18,C1137,B2C,SK-West,Sales Rep,Keyboard,Accessories,4.0,1956.0,4691.0,0.0,55.0,Card,Completed,7824.0,0.0,7824.0,18764.0,-10995.0
10415,2026-04-20,C1087,B2B,CZ-East,Sales Rep,Monitor 27,Electronics,2.0,8161.0,4928.0,0.15,21.0,Invoice,Completed,16322.0,2448.2999999999997,13873.7,9856.0,3996.7000000000007
10416,2026-01-16,C1004,B2B,CZ-East,Partner,Office Chair,Furniture,7.0,6531.0,4052.0,0.1,442.0,Card,Completed,45717.0,4571.7,41145.3,28364.0,12339.300000000003
10417,2026-06-10,C1042,B2B,SK-East,Sales Rep,Monitor 27,Electronics,7.0,7325.0,5001.0,0.0,354.0,Card,Returned,51275.0,0.0,51275.0,35007.0,15914.0
10418,2026-02-02,C1119,B2C,SK-East,Partner,Bookshelf,Furniture,1.0,5522.0,3583.0,0.0,505.0,Invoice,Completed,5522.0,0.0,5522.0,3583.0,1434.0
10419,2026-04-12,C1233,B2B,CZ-West,Online,Laptop Air 13,Electronics,6.0,22488.0,16758.0,0.0,391.0,Card,Completed,134928.0,0.0,134928.0,100548.0,33989.0
10420,2026-04-30,C1079,B2B,CZ-West,Sales Rep,Webcam,Accessories,7.0,2382.0,1319.0,0.0,383.0,Invoice,Completed,16674.0,0.0,16674.0,9233.0,7058.0
10421,2026-07-16,C1001,B2B,SK-West,Sales Rep,Docking Station,Accessories,6.0,4121.0,2529.0,0.0,540.0,Card,Completed,24726.0,0.0,24726.0,15174.0,9012.0
10422,2026-01-04,C1252,B2B,CZ-Central,Partner,Desk 140,Furniture,7.0,9734.0,6054.0,0.0,369.0,Bank Transfer,Completed,68138.0,0.0,68138.0,42378.0,25391.0
10423,2026-02-28,C1135,B2B,SK-West,Partner,Monitor 34,Electronics,6.0,13221.0,9869.0,0.05,298.0,Bank Transfer,Completed,79326.0,3966.3,75359.7,59214.0,15847.699999999997
10424,2026-02-12,C1091,B2B,CZ-East,Partner,Monitor 27,Electronics,1.0,8397.0,5042.0,0.0,216.0,Card,Completed,8397.0,0.0,8397.0,5042.0,3139.0
10425,2026-06-18,C1160,B2B,CZ-West,Partner,Monitor 34,Electronics,4.0,13724.0,9961.0,0.1,204.0,Invoice,Completed,54896.0,5489.6,49406.4,39844.0,9358.400000000001
10426,2026-02-19,C1273,B2B,CZ-East,Online,Mouse,Accessories,3.0,1191.0,555.0,0.0,153.0,Invoice,Completed,3573.0,0.0,3573.0,1665.0,1755.0
10427,2026-01-18,C1047,B2B,SK-East,Online,Paper Shredder,Office,4.0,3186.0,1854.0,0.0,368.0,Invoice,Completed,12744.0,0.0,12744.0,7416.0,4960.0
10428,2026-02-22,C1264,B2B,SK-East,Sales Rep,Monitor 34,Electronics,3.0,15613.0,9831.0,0.0,363.0,Invoice,Completed,46839.0,0.0,46839.0,29493.0,16983.0
10429,2026-03-14,C1237,B2C,CZ-West,Online,Laptop Pro 14,Electronics,7.0,28814.0,22553.0,0.05,383.0,Invoice,Completed,201698.0,10084.900000000001,191613.1,157871.0,33359.100000000006
10430,2026-07-28,C1111,B2C,SK-West,Sales Rep,Monitor 27,Electronics,3.0,7059.0,5490.0,0.0,658.0,Bank Transfer,Completed,21177.0,0.0,21177.0,16470.0,4049.0
10431,2026-01-09,C1180,B2B,CZ-Central,Sales Rep,Desk 180,Furniture,2.0,14036.0,9180.0,0.1,410.0,Card,Completed,28072.0,2807.2000000000003,25264.8,18360.0,6494.799999999999
10432,2026-01-09,C1161,B2B,CZ-West,Online,Laptop Pro 14,Electronics,4.0,29130.0,19814.0,0.05,487.0,Bank Transfer,Completed,116520.0,5826.0,110694.0,79256.0,30951.0
10433,2026-05-21,C1131,B2C,SK-West,Partner,Monitor 34,Electronics,6.0,13163.0,10212.0,0.1,603.0,Invoice,Cancelled,78978.0,7897.8,71080.2,61272.0,9205.199999999997
10434,2026-03-22,C1169,B2C,SK-West,Partner,Printer,Office,6.0,7201.0,4924.0,0.0,302.0,Card,Completed,43206.0,0.0,43206.0,29544.0,13360.0
10435,2026-06-22,C1239,B2C,SK-East,Online,Desk 180,Furniture,6.0,11858.0,8346.0,0.1,307.0,Invoice,Completed,71148.0,7114.8,64033.2,50076.0,13650.199999999997
10436,2026-05-19,C1287,B2C,SK-West,Sales Rep,Executive Chair,Furniture,5.0,11619.0,8016.0,0.0,520.0,Bank Transfer,Completed,58095.0,0.0,58095.0,40080.0,17495.0
10437,2026-02-09,C1256,B2C,SK-East,Partner,Docking Station,Accessories,1.0,4141.0,2907.0,0.1,321.0,Card,Completed,4141.0,414.1,3726.9,2907.0,498.9000000000001
10438,2026-06-30,C1111,B2B,CZ-East,Online,Monitor 34,Electronics,1.0,13759.0,9180.0,0.1,166.0,Card,Completed,13759.0,1375.9,12383.1,9180.0,3037.1000000000004
10439,2026-07-14,C1049,B2C,CZ-West,Sales Rep,Laptop Pro 14,Electronics,2.0,25549.0,20235.0,0.0,173.0,Invoice,Cancelled,51098.0,0.0,51098.0,40470.0,10455.0
10440,2026-02-16,C1120,Unknown,SK-West,Partner,Office Chair,Furniture,3.0,6409.0,3921.0,0.2,173.0,Bank Transfer,Returned,19227.0,3845.4,15381.6,11763.0,3445.6000000000004
10441,2026-04-14,C1211,B2B,SK-East,Online,Mouse,Accessories,4.0,1147.0,518.0,0.2,135.0,Invoice,Completed,4588.0,917.6,3670.4,2072.0,1463.4
10442,2026-03-16,C1186,B2C,CZ-West,Online,Monitor 34,Electronics,4.0,13014.0,9319.0,0.0,195.0,Invoice,Completed,52056.0,0.0,52056.0,37276.0,14585.0
10443,2026-01-05,C1046,B2C,CZ-East,Online,Laptop Pro 14,Electronics,6.0,29935.0,21278.0,0.05,386.0,Card,Completed,179610.0,8980.5,170629.5,127668.0,42575.5
10444,2026-02-27,C1135,B2C,SK-West,Sales Rep,Laptop Pro 14,Electronics,2.0,27408.0,22058.0,0.0,384.0,Bank Transfer,Cancelled,54816.0,0.0,54816.0,44116.0,10316.0
10445,2026-06-17,C1170,B2B,CZ-Central,Partner,Monitor 34,Electronics,7.0,13816.0,10344.0,0.0,409.0,Bank Transfer,Completed,96712.0,0.0,96712.0,72408.0,23895.0
10446,2026-01-31,C1167,B2B,CZ-East,Partner,Keyboard,Accessories,5.0,2224.0,965.0,0.05,258.0,Bank Transfer,Completed,11120.0,556.0,10564.0,4825.0,5481.0
10447,2026-02-26,C1098,B2C,CZ-East,Sales Rep,Keyboard,Accessories,1.0,1814.0,913.0,0.0,712.0,Bank Transfer,Completed,1814.0,0.0,1814.0,913.0,189.0
10448,2026-01-17,C1107,B2C,SK-East,Sales Rep,Keyboard,Accessories,4.0,2048.0,969.0,0.1,295.0,Bank Transfer,Completed,8192.0,819.2,7372.8,3876.0,3201.8
10449,2026-05-08,C1287,B2B,CZ-Central,Sales Rep,Laptop Air 13,Electronics,1.0,21639.0,15566.0,0.1,70.0,Bank Transfer,Completed,21639.0,2163.9,19475.1,15566.0,3839.0999999999985
10450,2026-07-16,C1043,B2B,SK-West,Partner,Keyboard,Accessories,3.0,1893.0,1026.0,0.0,382.0,Bank Transfer,Completed,5679.0,0.0,5679.0,3078.0,2219.0
10451,2026-04-09,C1008,B2B,CZ-East,Online,Laptop Pro 14,Electronics,6.0,29847.0,22333.0,0.2,193.0,Card,Completed,179082.0,35816.4,143265.6,133998.0,9074.600000000006
10452,2026-05-21,C1174,B2C,SK-West,Sales Rep,Desk 140,Furniture,4.0,7911.0,5869.0,0.0,575.0,Card,Completed,31644.0,0.0,31644.0,23476.0,7593.0
10453,2026-07-20,C1005,B2C,CZ-East,Online,Monitor 27,Electronics,2.0,7674.0,5522.0,0.25,421.0,Invoice,Completed,15348.0,3837.0,11511.0,11044.0,46.0
10454,2026-05-02,C1252,B2C,CZ-East,Sales Rep,Laptop Pro 14,Electronics,7.0,27070.0,22118.0,0.0,275.0,Invoice,Completed,189490.0,0.0,189490.0,154826.0,34389.0
10455,2026-07-14,C1186,B2B,CZ-West,Partner,Printer,Office,7.0,6556.0,4730.0,0.0,376.0,Invoice,Returned,45892.0,0.0,45892.0,33110.0,12406.0
10456,2026-02-19,C1207,B2C,Unknown,Sales Rep,Desk 180,Furniture,4.0,13789.0,8639.0,0.15,,Card,Completed,55156.0,8273.4,46882.6,34556.0,
10457,2026-07-01,C1115,B2B,Unknown,Partner,Printer,Office,2.0,6813.0,4638.0,0.05,440.0,Bank Transfer,Completed,13626.0,681.3000000000001,12944.7,9276.0,3228.7000000000007
10458,2026-07-01,C1074,B2C,SK-West,Partner,Monitor 34,Electronics,7.0,15688.0,9730.0,0.0,520.0,Card,Completed,109816.0,0.0,109816.0,68110.0,41186.0
10459,2026-07-11,C1159,B2B,CZ-Central,Sales Rep,Laptop Air 13,Electronics,5.0,20083.0,16342.0,0.0,579.0,Bank Transfer,Completed,100415.0,0.0,100415.0,81710.0,18126.0
10460,2026-03-26,C1097,B2C,SK-East,Online,Desk 140,Furniture,,9363.0,5902.0,0.0,216.0,Card,Cancelled,,,,,
10461,2026-02-14,C1027,B2C,SK-East,Partner,Keyboard,Accessories,6.0,1901.0,964.0,0.0,150.0,Invoice,Completed,11406.0,0.0,11406.0,5784.0,5472.0
10462,2026-01-10,C1101,B2B,CZ-East,Online,Laptop Air 13,Electronics,5.0,20464.0,16674.0,0.0,364.0,Card,Returned,102320.0,0.0,102320.0,83370.0,18586.0
10463,2026-02-27,C1103,B2C,SK-East,Sales Rep,Webcam,Accessories,7.0,2216.0,1321.0,0.0,365.0,Card,Cancelled,15512.0,0.0,15512.0,9247.0,5900.0
10464,2026-05-31,C1206,B2B,SK-East,Sales Rep,Office Chair,Furniture,2.0,6320.0,4093.0,0.0,328.0,Bank Transfer,Completed,12640.0,0.0,12640.0,8186.0,4126.0
10465,2026-04-03,C1174,B2B,CZ-East,Online,Executive Chair,Furniture,1.0,10891.0,6889.0,0.0,408.0,Invoice,Completed,10891.0,0.0,10891.0,6889.0,3594.0
10466,2026-07-05,C1072,B2B,SK-West,Online,Webcam,Accessories,7.0,2446.0,1333.0,0.0,107.0,Invoice,Completed,17122.0,0.0,17122.0,9331.0,7684.0
10467,2026-03-13,C1054,B2B,CZ-East,Sales Rep,Desk 180,Furniture,1.0,12095.0,8367.0,0.15,659.0,Card,Completed,12095.0,1814.25,10280.75,8367.0,1254.75
10468,2026-06-17,C1056,B2C,CZ-East,Online,Office Chair,Furniture,2.0,6082.0,3798.0,0.0,375.0,Bank Transfer,Completed,12164.0,0.0,12164.0,7596.0,4193.0
10469,2026-04-26,C1075,B2C,CZ-West,Sales Rep,Monitor 34,Electronics,5.0,14641.0,10110.0,0.1,119.0,Card,Completed,73205.0,7320.5,65884.5,50550.0,15215.5
10470,2026-06-03,C1194,B2C,Unknown,Sales Rep,Paper Shredder,Office,6.0,3411.0,1930.0,,488.0,Card,Completed,20466.0,,,11580.0,
10471,2026-05-15,C1163,B2B,SK-East,Partner,Bookshelf,Furniture,2.0,5318.0,3598.0,0.15,313.0,Bank Transfer,Completed,10636.0,1595.3999999999999,9040.6,7196.0,1531.6000000000004
10472,2026-05-27,C1102,B2B,CZ-Central,Sales Rep,Bookshelf,Furniture,1.0,5356.0,3834.0,0.0,263.0,Card,Returned,5356.0,0.0,5356.0,3834.0,1259.0
10473,2026-07-19,C1200,B2B,CZ-Central,Online,Docking Station,Accessories,2.0,4042.0,2610.0,0.15,508.0,Invoice,Completed,8084.0,1212.6,6871.4,5220.0,1143.3999999999996
10474,2026-03-31,C1062,B2B,CZ-West,Partner,Mouse,Accessories,6.0,1034.0,498.0,0.0,175.0,Bank Transfer,Completed,6204.0,0.0,6204.0,2988.0,3041.0
10475,2026-05-26,C1273,B2C,CZ-West,Online,Bookshelf,Furniture,6.0,5699.0,3544.0,0.3,424.0,Card,Returned,34194.0,10258.199999999999,23935.800000000003,21264.0,2247.800000000003
10476,2026-04-02,C1100,B2B,CZ-Central,Partner,Docking Station,Accessories,5.0,3855.0,2613.0,0.0,163.0,Card,Completed,19275.0,0.0,19275.0,13065.0,6047.0
10477,2026-04-24,C1276,B2B,CZ-West,Partner,Office Chair,Furniture,7.0,6087.0,3792.0,0.0,225.0,Unknown,Completed,42609.0,0.0,42609.0,26544.0,15840.0
10478,2026-04-02,C1100,B2C,CZ-East,Partner,Printer,Office,2.0,7005.0,4868.0,0.3,633.0,Bank Transfer,Completed,14010.0,4203.0,9807.0,9736.0,-562.0
10479,2026-05-19,C1167,B2B,SK-West,Sales Rep,Executive Chair,Furniture,4.0,12733.0,7710.0,0.0,416.0,Invoice,Completed,50932.0,0.0,50932.0,30840.0,19676.0
10480,2026-03-08,C1095,B2B,SK-East,Sales Rep,Office Chair,Furniture,3.0,6560.0,3850.0,0.05,347.0,Bank Transfer,Cancelled,19680.0,984.0,18696.0,11550.0,6799.0
10481,2026-03-08,C1145,B2B,SK-East,Sales Rep,Webcam,Accessories,4.0,2307.0,1333.0,0.15,347.0,Card,Completed,9228.0,1384.2,7843.8,5332.0,2164.8
10482,2026-06-19,C1015,B2B,CZ-West,Sales Rep,Office Chair,Furniture,4.0,5930.0,3925.0,0.1,318.0,Card,Completed,23720.0,2372.0,21348.0,15700.0,5330.0
10483,2026-01-05,C1150,B2B,CZ-East,Partner,Mouse,Accessories,1.0,1005.0,500.0,0.1,297.0,Card,Completed,1005.0,100.5,904.5,500.0,107.5
10484,2026-04-18,C1023,B2B,SK-East,Online,Mouse,Accessories,4.0,1093.0,528.0,0.1,400.0,Bank Transfer,Completed,4372.0,437.20000000000005,3934.8,2112.0,1422.8000000000002
10485,2026-04-02,C1142,B2C,CZ-East,Online,Keyboard,Accessories,4.0,1967.0,976.0,0.15,469.0,Card,Completed,7868.0,1180.2,6687.8,3904.0,2314.8
10486,2026-05-15,C1213,B2B,SK-East,Sales Rep,Office Chair,Furniture,2.0,5893.0,3888.0,0.05,10.0,Bank Transfer,Completed,11786.0,589.3000000000001,11196.7,7776.0,3410.7000000000007
10487,2026-04-07,C1288,B2B,CZ-East,Sales Rep,Desk 140,Furniture,7.0,8460.0,5463.0,0.0,265.0,Bank Transfer,Completed,59220.0,0.0,59220.0,38241.0,20714.0
10488,2026-07-16,C1104,B2B,CZ-East,Partner,Webcam,Accessories,5.0,2347.0,1353.0,0.0,205.0,Invoice,Returned,11735.0,0.0,11735.0,6765.0,4765.0
10489,2026-01-22,C1040,B2C,CZ-East,Sales Rep,Desk 140,Furniture,7.0,8491.0,5811.0,0.0,73.0,Invoice,Cancelled,59437.0,0.0,59437.0,40677.0,18687.0
10490,2026-07-28,C1204,B2B,CZ-West,Partner,Keyboard,Accessories,4.0,1964.0,987.0,0.0,579.0,Invoice,Completed,7856.0,0.0,7856.0,3948.0,3329.0
10491,2026-05-10,C1223,B2C,CZ-Central,Partner,Laptop Air 13,Electronics,1.0,21939.0,16767.0,0.0,230.0,Invoice,Completed,21939.0,0.0,21939.0,16767.0,4942.0
10492,2026-01-14,C1101,B2B,CZ-West,Partner,Mouse,Accessories,4.0,1164.0,505.0,0.0,230.0,Card,Returned,4656.0,0.0,4656.0,2020.0,2406.0
10493,2026-02-08,C1004,B2C,SK-West,Partner,Office Chair,Furniture,3.0,6576.0,3853.0,0.0,183.0,Card,Cancelled,19728.0,0.0,19728.0,11559.0,7986.0
10494,2026-03-28,C1212,B2B,CZ-East,Online,Executive Chair,Furniture,2.0,11148.0,7415.0,0.1,348.0,Bank Transfer,Completed,22296.0,2229.6,20066.4,14830.0,4888.4000000000015
10495,2026-07-02,C1161,B2B,CZ-East,Sales Rep,Printer,Office,4.0,7018.0,4628.0,0.15,62.0,Invoice,Completed,28072.0,4210.8,23861.2,18512.0,5287.200000000001
10496,2026-04-07,C1084,B2B,CZ-West,Online,Monitor 34,Electronics,6.0,13570.0,10370.0,0.1,203.0,Bank Transfer,Completed,81420.0,8142.0,73278.0,62220.0,10855.0
10497,2026-06-27,C1021,B2C,SK-East,Partner,Laptop Pro 14,Electronics,5.0,29691.0,20260.0,0.2,395.0,Invoice,Completed,148455.0,29691.0,118764.0,101300.0,17069.0
10498,2026-04-18,C1166,B2C,CZ-West,Partner,Keyboard,Accessories,6.0,1783.0,976.0,0.0,469.0,Bank Transfer,Cancelled,10698.0,0.0,10698.0,5856.0,4373.0
10499,2026-04-11,C1242,B2C,SK-East,Partner,Office Chair,Furniture,1.0,5802.0,3820.0,0.0,367.0,Card,Completed,5802.0,0.0,5802.0,3820.0,1615.0
10500,2026-07-23,C1280,B2B,SK-East,Partner,Desk 180,Furniture,1.0,11803.0,9739.0,0.25,374.0,Invoice,Completed,11803.0,2950.75,8852.25,9739.0,-1260.75
10501,2026-07-28,C1181,B2C,SK-East,Sales Rep,Executive Chair,Furniture,7.0,12487.0,7775.0,0.0,499.0,Bank Transfer,Completed,87409.0,0.0,87409.0,54425.0,32485.0
10502,2026-02-06,C1056,B2C,CZ-Central,Sales Rep,Docking Station,Accessories,5.0,4280.0,2613.0,0.0,396.0,Invoice,Completed,21400.0,0.0,21400.0,13065.0,7939.0
10503,2026-01-27,C1166,B2C,SK-West,Online,Monitor 34,Electronics,3.0,14836.0,9665.0,0.05,362.0,Card,Returned,44508.0,2225.4,42282.6,28995.0,12925.599999999999
10504,2026-02-28,C1226,B2B,CZ-East,Partner,Printer,Office,1.0,7471.0,4927.0,0.25,561.0,Invoice,Completed,7471.0,1867.75,5603.25,4927.0,115.25
10505,2026-05-10,C1017,B2B,SK-East,Online,Laptop Pro 14,Electronics,5.0,27705.0,21758.0,0.0,593.0,Invoice,Cancelled,138525.0,0.0,138525.0,108790.0,29142.0
10506,2026-05-16,C1077,B2B,SK-East,Online,Laptop Air 13,Electronics,7.0,20637.0,17323.0,0.15,404.0,Invoice,Completed,144459.0,21668.85,122790.15,121261.0,1125.1499999999942
10507,2026-06-20,C1038,B2B,SK-East,Partner,Executive Chair,Furniture,7.0,11294.0,7281.0,0.2,351.0,Bank Transfer,Completed,79058.0,15811.6,63246.4,50967.0,11928.400000000001
10508,2026-04-27,C1071,B2C,SK-East,Partner,Printer,Office,2.0,7507.0,4650.0,0.3,388.0,Bank Transfer,Completed,15014.0,4504.2,10509.8,9300.0,821.7999999999993
10509,2026-04-13,C1222,B2C,SK-West,Sales Rep,Desk 180,Furniture,5.0,14070.0,8768.0,0.05,477.0,Card,Completed,70350.0,3517.5,66832.5,43840.0,22515.5
10510,2026-06-13,C1121,B2C,CZ-West,Online,Office Chair,Furniture,5.0,6022.0,3775.0,0.0,,Invoice,Completed,30110.0,0.0,30110.0,18875.0,
10511,2026-02-05,C1217,B2C,CZ-Central,Online,Monitor 34,Electronics,3.0,14228.0,9648.0,0.0,286.0,Card,Completed,42684.0,0.0,42684.0,28944.0,13454.0
10512,2026-01-23,C1044,B2C,CZ-East,Online,Office Chair,Furniture,6.0,6497.0,3828.0,0.0,557.0,Card,Returned,38982.0,0.0,38982.0,22968.0,15457.0
10513,2026-04-19,C1196,B2B,CZ-West,Partner,Monitor 34,Electronics,2.0,12587.0,9461.0,0.0,330.0,Invoice,Returned,25174.0,0.0,25174.0,18922.0,5922.0
10514,2026-06-13,C1165,B2C,CZ-East,Sales Rep,Bookshelf,Furniture,6.0,5537.0,3438.0,0.0,219.0,Bank Transfer,Cancelled,33222.0,0.0,33222.0,20628.0,12375.0
10515,2026-02-04,C1111,B2C,SK-West,Partner,Bookshelf,Furniture,4.0,5713.0,3167.0,0.0,325.0,Bank Transfer,Cancelled,22852.0,0.0,22852.0,12668.0,9859.0
10516,2026-03-02,C1071,B2B,CZ-Central,Sales Rep,Laptop Pro 14,Electronics,1.0,28809.0,21925.0,0.0,187.0,Card,Completed,28809.0,0.0,28809.0,21925.0,6697.0
10517,2026-02-09,C1041,B2C,SK-East,Online,Executive Chair,Furniture,4.0,11234.0,7465.0,0.0,,Bank Transfer,Returned,44936.0,0.0,44936.0,29860.0,
10518,2026-01-02,C1137,B2B,CZ-Central,Online,Executive Chair,Furniture,4.0,12991.0,7911.0,0.0,200.0,Card,Cancelled,51964.0,0.0,51964.0,31644.0,20120.0
10519,2026-07-11,C1032,B2C,CZ-West,Online,Desk 180,Furniture,4.0,13768.0,8871.0,0.05,242.0,Invoice,Completed,55072.0,2753.6000000000004,52318.4,35484.0,16592.4
10520,2026-05-07,C1201,Unknown,CZ-Central,Online,Webcam,Accessories,5.0,2475.0,1290.0,0.0,332.0,Invoice,Returned,12375.0,0.0,12375.0,6450.0,5593.0
10521,2026-03-30,C1124,B2C,CZ-West,Sales Rep,Desk 180,Furniture,5.0,12553.0,9596.0,0.0,367.0,Bank Transfer,Cancelled,62765.0,0.0,62765.0,47980.0,14418.0
10522,2026-07-08,C1281,B2B,CZ-West,Sales Rep,Webcam,Accessories,2.0,2465.0,1291.0,0.05,423.0,Bank Transfer,Completed,4930.0,246.5,4683.5,2582.0,1678.5
10523,2026-02-19,C1248,B2C,CZ-Central,Sales Rep,Paper Shredder,Office,5.0,2777.0,1785.0,0.05,254.0,Invoice,Completed,13885.0,694.25,13190.75,8925.0,4011.75
10524,2026-03-10,C1260,B2C,CZ-Central,Partner,Keyboard,Accessories,6.0,1821.0,1008.0,0.05,280.0,Invoice,Completed,10926.0,546.3000000000001,10379.7,6048.0,4051.7000000000007
10525,2026-02-26,C1107,B2B,CZ-West,Partner,Laptop Pro 14,Electronics,1.0,27035.0,20610.0,0.15,355.0,Bank Transfer,Returned,27035.0,4055.25,22979.75,20610.0,2014.75
10526,2026-06-15,C1115,B2C,CZ-West,Online,Desk 140,Furniture,4.0,8874.0,5986.0,0.0,537.0,Invoice,Completed,35496.0,0.0,35496.0,23944.0,11015.0
10527,2026-04-19,C1263,B2C,CZ-Central,Sales Rep,Bookshelf,Furniture,7.0,5030.0,3700.0,0.0,424.0,Invoice,Cancelled,35210.0,0.0,35210.0,25900.0,8886.0
10528,2026-06-04,C1009,B2C,CZ-West,Partner,Monitor 34,Electronics,1.0,14160.0,9944.0,0.15,482.0,Invoice,Returned,14160.0,2124.0,12036.0,9944.0,1610.0
10529,2026-02-19,C1165,B2C,CZ-East,Online,Printer,Office,7.0,6971.0,4439.0,0.05,111.0,Card,Completed,48797.0,2439.85,46357.15,31073.0,15173.150000000001
10530,2026-03-29,C1124,B2C,SK-West,Sales Rep,Desk 140,Furniture,7.0,8996.0,6566.0,0.0,261.0,Card,Completed,62972.0,0.0,62972.0,45962.0,16749.0
10531,2026-02-27,C1294,B2B,SK-West,Online,Office Chair,Furniture,5.0,6186.0,3741.0,0.0,169.0,Card,Completed,30930.0,0.0,30930.0,18705.0,12056.0
10532,2026-03-14,C1110,B2C,SK-West,Partner,Desk 180,Furniture,2.0,12305.0,8812.0,0.1,377.0,Invoice,Completed,24610.0,2461.0,22149.0,17624.0,4148.0
10533,2026-02-27,C1244,B2C,CZ-East,Partner,Laptop Pro 14,Electronics,7.0,29268.0,21727.0,0.1,472.0,Bank Transfer,Completed,204876.0,20487.600000000002,184388.4,152089.0,31827.399999999994
10534,2026-01-19,C1092,B2C,SK-East,Online,Keyboard,Accessories,7.0,1864.0,1075.0,0.15,362.0,Invoice,Completed,13048.0,1957.1999999999998,11090.8,7525.0,3203.7999999999993
10535,2026-01-16,C1203,B2C,SK-West,Online,Executive Chair,Furniture,5.0,12084.0,7443.0,0.2,375.0,Bank Transfer,Completed,60420.0,12084.0,48336.0,37215.0,10746.0
10536,2026-01-16,C1010,B2B,CZ-East,Online,Paper Shredder,Office,5.0,3211.0,1851.0,0.05,173.0,Card,Cancelled,16055.0,802.75,15252.25,9255.0,5824.25
10537,2026-04-02,C1054,B2C,SK-East,Sales Rep,Paper Shredder,Office,2.0,3014.0,1925.0,0.05,253.0,Bank Transfer,Completed,6028.0,301.40000000000003,5726.6,3850.0,1623.6000000000004
10538,2026-06-06,C1045,B2C,CZ-East,Online,Desk 180,Furniture,3.0,13740.0,8434.0,0.0,222.0,Card,Returned,41220.0,0.0,41220.0,25302.0,15696.0
10539,2026-04-09,C1096,B2C,CZ-East,Online,Desk 180,Furniture,6.0,12697.0,8840.0,0.05,215.0,Card,Completed,76182.0,3809.1000000000004,72372.9,53040.0,19117.899999999994
10540,2026-06-08,C1260,B2B,CZ-East,Online,Webcam,Accessories,5.0,2358.0,1210.0,0.05,430.0,Card,Completed,11790.0,589.5,11200.5,6050.0,4720.5
10541,2026-02-27,C1134,B2C,CZ-Central,Online,Mouse,Accessories,2.0,1022.0,515.0,0.05,221.0,Invoice,Completed,2044.0,102.2,1941.8,1030.0,690.8
10542,2026-07-25,C1104,B2B,CZ-East,Partner,Monitor 27,Electronics,2.0,6971.0,5198.0,0.0,192.0,Invoice,Cancelled,13942.0,0.0,13942.0,10396.0,3354.0
10543,2026-02-15,C1093,B2C,CZ-West,Sales Rep,Monitor 27,Electronics,6.0,7022.0,4999.0,0.1,323.0,Bank Transfer,Returned,42132.0,4213.2,37918.8,29994.0,7601.800000000003
10544,2026-03-27,C1246,B2C,CZ-East,Sales Rep,Paper Shredder,Office,7.0,3043.0,1976.0,0.0,224.0,Card,Completed,21301.0,0.0,21301.0,13832.0,7245.0
10545,2026-05-02,C1122,B2C,CZ-West,Sales Rep,Docking Station,Accessories,1.0,4399.0,2564.0,0.15,277.0,Card,Cancelled,4399.0,659.85,3739.15,2564.0,898.1500000000001
10546,2026-06-29,C1210,B2B,SK-West,Partner,Laptop Pro 14,Electronics,2.0,29769.0,21501.0,0.0,345.0,Invoice,Cancelled,59538.0,0.0,59538.0,43002.0,16191.0
10547,2026-01-10,C1228,B2C,SK-West,Online,Webcam,Accessories,3.0,2636.0,1316.0,0.0,466.0,Bank Transfer,Returned,7908.0,0.0,7908.0,3948.0,3494.0
10548,2026-03-31,C1050,Unknown,CZ-Central,Sales Rep,Monitor 34,Electronics,6.0,14535.0,9662.0,0.1,341.0,Invoice,Returned,87210.0,8721.0,78489.0,57972.0,20176.0
10549,2026-07-25,C1133,B2C,CZ-East,Sales Rep,Office Chair,Furniture,7.0,5565.0,3828.0,0.0,536.0,Card,Completed,38955.0,0.0,38955.0,26796.0,11623.0
10550,2026-04-09,C1019,B2B,SK-East,Sales Rep,Mouse,Accessories,6.0,1150.0,538.0,0.15,366.0,Bank Transfer,Completed,6900.0,1035.0,5865.0,3228.0,2271.0
10551,2026-04-17,C1044,B2C,CZ-West,Partner,Laptop Pro 14,Electronics,3.0,29867.0,21301.0,0.0,172.0,Bank Transfer,Returned,89601.0,0.0,89601.0,63903.0,25526.0
10552,2026-02-22,C1037,B2B,SK-West,Online,Printer,Office,2.0,7724.0,4621.0,0.0,243.0,Invoice,Cancelled,15448.0,0.0,15448.0,9242.0,5963.0
10553,2026-06-06,C1204,B2B,CZ-Central,Sales Rep,Mouse,Accessories,6.0,1027.0,519.0,0.05,438.0,Invoice,Completed,6162.0,308.1,5853.9,3114.0,2301.8999999999996
10554,2026-04-26,C1275,B2B,SK-East,Online,Keyboard,Accessories,1.0,1820.0,939.0,0.05,101.0,Card,Completed,1820.0,91.0,1729.0,939.0,689.0
10555,2026-03-18,C1144,B2B,CZ-West,Partner,Laptop Pro 14,Electronics,2.0,27090.0,20996.0,0.0,533.0,Invoice,Completed,54180.0,0.0,54180.0,41992.0,11655.0
10556,2026-07-01,C1161,Unknown,CZ-West,Sales Rep,Office Chair,Furniture,4.0,5889.0,3891.0,0.0,344.0,Invoice,Completed,23556.0,0.0,23556.0,15564.0,7648.0
10557,2026-05-29,C1193,B2C,CZ-West,Sales Rep,Executive Chair,Furniture,1.0,12004.0,7575.0,0.0,330.0,Bank Transfer,Completed,12004.0,0.0,12004.0,7575.0,4099.0
10558,2026-06-08,C1065,B2C,CZ-Central,Partner,Laptop Air 13,Electronics,2.0,22645.0,15944.0,0.2,444.0,Invoice,Cancelled,45290.0,9058.0,36232.0,31888.0,3900.0
10559,2026-03-08,C1224,B2C,CZ-Central,Partner,Monitor 27,Electronics,5.0,7851.0,5107.0,0.05,341.0,Invoice,Completed,39255.0,1962.75,37292.25,25535.0,11416.25
10560,2026-02-18,C1170,B2B,CZ-West,Online,Keyboard,Accessories,2.0,1793.0,937.0,0.15,334.0,Bank Transfer,Completed,3586.0,537.9,3048.1,1874.0,840.0999999999999
10561,2026-04-08,C1244,B2B,CZ-East,Online,Keyboard,Accessories,4.0,6971.0,972.0,0.05,475.0,Bank Transfer,Completed,27884.0,1394.2,26489.8,3888.0,22126.8
10562,2026-07-01,C1216,B2C,SK-East,Sales Rep,Desk 180,Furniture,4.0,13179.0,9155.0,0.0,471.0,Invoice,Completed,52716.0,0.0,52716.0,36620.0,15625.0
10563,2026-05-31,C1082,B2C,CZ-West,Partner,Mouse,Accessories,4.0,1148.0,532.0,0.0,271.0,Bank Transfer,Cancelled,4592.0,0.0,4592.0,2128.0,2193.0
10564,2026-06-14,C1052,B2B,SK-West,Partner,Bookshelf,Furniture,7.0,5973.0,3376.0,0.1,549.0,Invoice,Completed,41811.0,4181.1,37629.9,23632.0,13448.900000000001
10565,2026-01-03,C1036,B2C,CZ-East,Online,Docking Station,Accessories,6.0,3972.0,2695.0,0.0,355.0,Bank Transfer,Completed,23832.0,0.0,23832.0,16170.0,7307.0
10566,2026-05-05,C1111,B2C,CZ-West,Partner,Keyboard,Accessories,1.0,1863.0,974.0,0.1,634.0,Card,Completed,1863.0,186.3,1676.7,974.0,68.70000000000005
10567,2026-01-19,C1284,B2C,CZ-East,Online,Printer,Office,1.0,7237.0,4691.0,0.0,304.0,Invoice,Completed,7237.0,0.0,7237.0,4691.0,2242.0
10568,2026-07-16,C1061,B2B,SK-East,Sales Rep,Keyboard,Accessories,6.0,1986.0,932.0,0.0,75.0,Bank Transfer,Completed,11916.0,0.0,11916.0,5592.0,6249.0
10569,2026-02-21,C1208,B2C,SK-West,Online,Office Chair,Furniture,4.0,5974.0,3926.0,0.05,182.0,Bank Transfer,Cancelled,23896.0,1194.8,22701.2,15704.0,6815.200000000001
10570,2026-05-06,C1038,B2C,SK-East,Online,Mouse,Accessories,2.0,1206.0,545.0,0.0,182.0,Card,Returned,2412.0,0.0,2412.0,1090.0,1140.0
10571,2026-03-24,C1299,B2C,SK-West,Online,Printer,Office,5.0,7661.0,4691.0,0.0,287.0,Bank Transfer,Completed,38305.0,0.0,38305.0,23455.0,14563.0
10572,2026-07-27,C1267,B2B,SK-East,Partner,Monitor 34,Electronics,4.0,13926.0,9663.0,0.05,201.0,Unknown,Returned,55704.0,2785.2000000000003,52918.8,38652.0,14065.800000000003
10573,2026-05-01,C1263,B2B,CZ-East,Online,Webcam,Accessories,3.0,2685.0,1330.0,0.0,0.0,Bank Transfer,Cancelled,8055.0,0.0,8055.0,3990.0,4065.0
10574,2026-07-03,C1296,B2B,SK-West,Online,Webcam,Accessories,3.0,2450.0,1344.0,0.15,260.0,Invoice,Completed,7350.0,1102.5,6247.5,4032.0,1955.5
10575,2026-07-04,C1142,B2B,CZ-Central,Sales Rep,Executive Chair,Furniture,5.0,11570.0,7196.0,0.05,235.0,Invoice,Cancelled,57850.0,2892.5,54957.5,35980.0,18742.5
10576,2026-05-20,C1263,B2C,SK-East,Sales Rep,Desk 140,Furniture,6.0,8891.0,6090.0,0.3,0.0,Bank Transfer,Completed,53346.0,16003.8,37342.2,36540.0,802.1999999999971
10577,2026-06-30,C1016,B2B,CZ-East,Sales Rep,Mouse,Accessories,3.0,1056.0,551.0,0.05,426.0,Invoice,Returned,3168.0,158.4,3009.6,1653.0,930.5999999999999
10578,2026-05-19,C1187,B2B,SK-East,Online,Desk 140,Furniture,5.0,7891.0,5779.0,0.0,168.0,Bank Transfer,Cancelled,39455.0,0.0,39455.0,28895.0,10392.0
10579,2026-02-21,C1108,B2C,CZ-Central,Online,Office Chair,Furniture,1.0,6647.0,3963.0,0.0,180.0,Card,Completed,6647.0,0.0,6647.0,3963.0,2504.0
10580,2026-01-03,C1242,B2B,CZ-West,Online,Laptop Pro 14,Electronics,3.0,30465.0,21940.0,0.05,323.0,Invoice,Cancelled,91395.0,4569.75,86825.25,65820.0,20682.25
10581,2026-05-03,C1123,B2B,SK-East,Partner,Paper Shredder,Office,3.0,3433.0,1789.0,0.1,246.0,Card,Completed,10299.0,1029.9,9269.1,5367.0,3656.1000000000004
10582,2026-06-17,C1060,B2C,CZ-Central,Online,Keyboard,Accessories,2.0,1958.0,946.0,0.05,194.0,Bank Transfer,Completed,3916.0,195.8,3720.2,1892.0,1634.1999999999998
10584,2026-03-13,C1196,B2B,SK-West,Partner,Desk 140,Furniture,2.0,8611.0,6166.0,0.0,281.0,Invoice,Completed,17222.0,0.0,17222.0,12332.0,4609.0
10585,2026-05-28,C1120,B2C,CZ-West,Online,Printer,Office,6.0,7388.0,4805.0,0.0,166.0,Card,Cancelled,44328.0,0.0,44328.0,28830.0,15332.0
10586,2026-06-14,C1160,B2C,CZ-East,Sales Rep,Office Chair,Furniture,4.0,6667.0,3948.0,0.15,28.0,Card,Completed,26668.0,4000.2,22667.8,15792.0,6847.799999999999
10587,2026-05-08,C1130,B2C,SK-East,Online,Keyboard,Accessories,6.0,1989.0,942.0,0.0,307.0,Card,Returned,11934.0,0.0,11934.0,5652.0,5975.0
10588,2026-03-06,C1285,B2C,CZ-West,Online,Office Chair,Furniture,5.0,6645.0,3916.0,0.0,313.0,Card,Completed,33225.0,0.0,33225.0,19580.0,13332.0
10589,2026-03-08,C1119,B2C,CZ-West,Sales Rep,Monitor 27,Electronics,4.0,7277.0,4906.0,0.0,487.0,Invoice,Returned,29108.0,0.0,29108.0,19624.0,8997.0
10590,2026-07-07,C1016,B2C,SK-West,Sales Rep,Monitor 34,Electronics,3.0,13140.0,10479.0,0.1,266.0,Invoice,Completed,39420.0,3942.0,35478.0,31437.0,3775.0
10591,2026-01-12,C1050,B2B,CZ-East,Partner,Office Chair,Furniture,4.0,6338.0,3819.0,0.0,214.0,Bank Transfer,Completed,25352.0,0.0,25352.0,15276.0,9862.0
10592,2026-03-23,C1282,B2C,CZ-East,Partner,Mouse,Accessories,2.0,1098.0,538.0,0.0,204.0,Bank Transfer,Completed,2196.0,0.0,2196.0,1076.0,916.0
10593,2026-04-13,C1044,B2B,CZ-East,Sales Rep,Mouse,Accessories,4.0,960.0,533.0,0.0,227.0,Card,Cancelled,3840.0,0.0,3840.0,2132.0,1481.0
10594,2026-01-17,C1245,B2B,CZ-West,Partner,Paper Shredder,Office,3.0,3224.0,1869.0,0.2,273.0,Invoice,Completed,9672.0,1934.4,7737.6,5607.0,1857.6000000000004
10595,2026-03-18,C1298,B2C,SK-East,Online,Docking Station,Accessories,1.0,4088.0,2633.0,0.05,399.0,Bank Transfer,Returned,4088.0,204.4,3883.6,2633.0,851.5999999999999
10596,2026-05-22,C1246,B2B,CZ-East,Sales Rep,Keyboard,Accessories,1.0,1705.0,1055.0,0.0,379.0,Invoice,Cancelled,1705.0,0.0,1705.0,1055.0,271.0
10597,2026-02-06,C1183,B2B,SK-West,Partner,Mouse,Accessories,3.0,1096.0,508.0,0.0,380.0,Invoice,Cancelled,3288.0,0.0,3288.0,1524.0,1384.0
10598,2026-03-27,C1239,B2C,CZ-East,Online,Laptop Pro 14,Electronics,4.0,27352.0,21179.0,0.0,222.0,Bank Transfer,Completed,109408.0,0.0,109408.0,84716.0,24470.0
10599,2026-02-14,C1275,B2B,CZ-East,Sales Rep,Laptop Air 13,Electronics,6.0,20829.0,16598.0,0.0,142.0,Invoice,Cancelled,124974.0,0.0,124974.0,99588.0,25244.0
10600,2026-04-21,C1011,B2C,CZ-East,Online,Office Chair,Furniture,1.0,6044.0,3754.0,0.15,153.0,Invoice,Cancelled,6044.0,906.6,5137.4,3754.0,1230.3999999999996
10601,2026-03-11,C1250,B2B,SK-West,Online,Monitor 34,Electronics,3.0,13544.0,4691.0,0.15,296.0,Card,Cancelled,40632.0,6094.8,34537.2,14073.0,20168.199999999997
10602,2026-05-17,C1092,B2B,CZ-West,Online,Office Chair,Furniture,2.0,6666.0,3892.0,0.0,114.0,Invoice,Cancelled,13332.0,0.0,13332.0,7784.0,5434.0
10603,2026-07-17,C1037,B2B,SK-West,Online,Office Chair,Furniture,4.0,5893.0,3959.0,0.1,22.0,Card,Cancelled,23572.0,2357.2000000000003,21214.8,15836.0,5356.799999999999
10604,2026-05-15,C1267,B2B,CZ-Central,Online,Keyboard,Accessories,6.0,1900.0,1020.0,0.0,341.0,Bank Transfer,Completed,11400.0,0.0,11400.0,6120.0,4939.0
10605,2026-04-16,C1158,B2B,Unknown,Online,Laptop Pro 14,Electronics,7.0,28224.0,21462.0,0.0,173.0,Invoice,Completed,197568.0,0.0,197568.0,150234.0,47161.0
10606,2026-06-03,C1223,B2B,CZ-West,Partner,Laptop Pro 14,Electronics,4.0,29521.0,19586.0,0.05,225.0,Card,Cancelled,118084.0,5904.200000000001,112179.8,78344.0,33610.8
10607,2026-07-24,C1132,B2C,CZ-West,Partner,Laptop Air 13,Electronics,5.0,23528.0,16426.0,0.05,330.0,Card,Completed,117640.0,5882.0,111758.0,82130.0,29298.0
10608,2026-03-19,C1223,B2B,Unknown,Sales Rep,Docking Station,Accessories,2.0,4225.0,2676.0,0.15,503.0,Invoice,Completed,8450.0,1267.5,7182.5,5352.0,1327.5
10609,2026-07-22,C1273,B2B,CZ-Central,Online,Monitor 27,Electronics,6.0,8127.0,4921.0,0.0,391.0,Card,Completed,48762.0,0.0,48762.0,29526.0,18845.0
10610,2026-03-14,C1280,B2B,CZ-West,Online,Laptop Air 13,Electronics,4.0,20557.0,15824.0,0.05,466.0,Bank Transfer,Completed,82228.0,4111.400000000001,78116.6,63296.0,14354.600000000006
10611,2026-02-19,C1240,B2C,SK-West,Partner,Laptop Air 13,Electronics,7.0,21558.0,16799.0,0.0,287.0,Card,Completed,150906.0,0.0,150906.0,117593.0,33026.0
10612,2026-05-28,C1270,B2B,SK-East,Sales Rep,Laptop Air 13,Electronics,4.0,22956.0,16269.0,0.0,412.0,Invoice,Completed,91824.0,0.0,91824.0,65076.0,26336.0
10613,2026-04-17,C1060,B2B,CZ-Central,Online,Laptop Pro 14,Electronics,3.0,31469.0,21811.0,0.0,357.0,Invoice,Completed,94407.0,0.0,94407.0,65433.0,28617.0
10614,2026-05-04,C1297,B2C,CZ-Central,Sales Rep,Bookshelf,Furniture,7.0,5141.0,3424.0,0.0,378.0,Bank Transfer,Completed,35987.0,0.0,35987.0,23968.0,11641.0
10615,2026-07-05,C1110,B2B,CZ-East,Sales Rep,Paper Shredder,Office,6.0,3107.0,1982.0,0.15,336.0,Invoice,Completed,18642.0,2796.2999999999997,15845.7,11892.0,3617.7000000000007
10616,2026-05-06,C1278,B2C,SK-West,Online,Paper Shredder,Office,6.0,3512.0,1894.0,0.35,510.0,Bank Transfer,Returned,21072.0,7375.2,13696.8,11364.0,1822.7999999999993
10617,2026-07-21,C1090,B2B,SK-West,Sales Rep,Bookshelf,Furniture,3.0,4889.0,3493.0,0.0,546.0,Bank Transfer,Cancelled,14667.0,0.0,14667.0,10479.0,3642.0
10618,2026-04-16,C1282,B2C,SK-East,Sales Rep,Keyboard,Accessories,5.0,1775.0,1020.0,0.15,422.0,Card,Cancelled,8875.0,1331.25,7543.75,5100.0,2021.75
10619,2026-02-20,C1078,B2C,CZ-Central,Online,Desk 140,Furniture,3.0,10030.0,6440.0,0.05,227.0,Card,Completed,30090.0,1504.5,28585.5,19320.0,9038.5
10620,2026-01-08,C1298,B2B,SK-East,Sales Rep,Desk 140,Furniture,7.0,9106.0,5837.0,0.0,406.0,Card,Completed,63742.0,0.0,63742.0,40859.0,22477.0
10621,2026-03-14,C1118,B2B,CZ-West,Partner,Desk 180,Furniture,1.0,13296.0,9017.0,0.0,518.0,Bank Transfer,Cancelled,13296.0,0.0,13296.0,9017.0,3761.0
10622,2026-03-15,C1230,B2B,CZ-West,Sales Rep,Printer,Office,1.0,6809.0,4747.0,0.05,189.0,Bank Transfer,Returned,6809.0,340.45000000000005,6468.55,4747.0,1532.5500000000002
10623,2026-06-05,C1074,B2C,SK-West,Online,Monitor 34,Electronics,2.0,13571.0,9276.0,0.1,424.0,Invoice,Completed,27142.0,2714.2000000000003,24427.8,18552.0,5451.799999999999
10624,2026-07-03,C1113,B2B,SK-West,Partner,Keyboard,Accessories,3.0,1811.0,1027.0,0.05,404.0,Invoice,Returned,5433.0,271.65000000000003,5161.35,3081.0,1676.3500000000004
10625,2026-05-20,C1061,B2C,SK-East,Online,Laptop Air 13,Electronics,6.0,22409.0,16432.0,0.05,371.0,Invoice,Completed,134454.0,6722.700000000001,127731.3,98592.0,28768.300000000003
10626,2026-03-10,C1254,B2B,SK-West,Partner,Executive Chair,Furniture,3.0,13360.0,7410.0,0.05,196.0,Bank Transfer,Cancelled,40080.0,2004.0,38076.0,22230.0,15650.0
10627,2026-07-19,C1128,B2B,SK-East,Partner,Docking Station,Accessories,2.0,4399.0,2789.0,0.0,340.0,Card,Completed,8798.0,0.0,8798.0,5578.0,2880.0
10628,2026-01-15,C1175,B2C,CZ-Central,Online,Executive Chair,Furniture,5.0,11275.0,7570.0,0.1,559.0,Invoice,Returned,56375.0,5637.5,50737.5,37850.0,12328.5
10629,2026-06-14,C1056,B2B,CZ-East,Online,Paper Shredder,Office,7.0,2914.0,1918.0,0.0,446.0,Invoice,Completed,20398.0,0.0,20398.0,13426.0,6526.0
10630,2026-04-02,C1092,B2B,CZ-Central,Online,Executive Chair,Furniture,3.0,6971.0,6991.0,0.0,215.0,Bank Transfer,Returned,20913.0,0.0,20913.0,20973.0,-275.0
10631,2026-01-09,C1204,B2B,SK-West,Sales Rep,Laptop Air 13,Electronics,4.0,19475.0,16481.0,0.0,258.0,Bank Transfer,Completed,77900.0,0.0,77900.0,65924.0,11718.0
10632,2026-06-08,C1178,B2B,SK-West,Partner,Monitor 27,Electronics,2.0,8331.0,5262.0,,188.0,Card,Completed,16662.0,,,10524.0,
10634,2026-01-28,C1007,B2B,CZ-West,Sales Rep,Paper Shredder,Office,5.0,3053.0,1838.0,0.15,487.0,Invoice,Completed,15265.0,2289.75,12975.25,9190.0,3298.25
10635,2026-03-31,C1219,B2C,CZ-West,Online,Keyboard,Accessories,3.0,1981.0,941.0,0.0,389.0,Card,Completed,5943.0,0.0,5943.0,2823.0,2731.0
10636,2026-02-03,C1120,B2B,SK-West,Sales Rep,Printer,Office,6.0,7451.0,4337.0,0.0,417.0,Bank Transfer,Completed,44706.0,0.0,44706.0,26022.0,18267.0
10637,2026-01-02,C1172,B2B,CZ-West,Online,Laptop Pro 14,Electronics,1.0,32407.0,20703.0,0.2,398.0,Unknown,Completed,32407.0,6481.400000000001,25925.6,20703.0,4824.5999999999985
10638,2026-01-29,C1088,B2B,CZ-Central,Partner,Monitor 27,Electronics,1.0,8423.0,4979.0,0.0,445.0,Card,Returned,8423.0,0.0,8423.0,4979.0,2999.0
10639,2026-01-30,C1155,Unknown,CZ-Central,Partner,Docking Station,Accessories,7.0,3691.0,2691.0,0.0,154.0,Invoice,Completed,25837.0,0.0,25837.0,18837.0,6846.0
10640,2026-07-13,C1026,B2B,CZ-Central,Sales Rep,Laptop Air 13,Electronics,2.0,22289.0,17050.0,0.2,292.0,Invoice,Completed,44578.0,8915.6,35662.4,34100.0,1270.4000000000015
10641,2026-07-05,C1273,B2C,CZ-Central,Partner,Laptop Pro 14,Electronics,2.0,28668.0,20971.0,0.0,589.0,Bank Transfer,Cancelled,57336.0,0.0,57336.0,41942.0,14805.0
10642,2026-06-26,C1068,B2B,CZ-East,Online,Monitor 34,Electronics,3.0,15413.0,9802.0,0.2,425.0,Invoice,Completed,46239.0,9247.800000000001,36991.2,29406.0,7160.199999999997
10643,2026-04-17,C1033,B2B,CZ-East,Sales Rep,Desk 140,Furniture,5.0,8893.0,6023.0,0.0,459.0,Card,Completed,44465.0,0.0,44465.0,30115.0,13891.0
10644,2026-01-19,C1144,B2B,CZ-East,Online,Executive Chair,Furniture,4.0,12991.0,7948.0,0.25,283.0,Bank Transfer,Completed,51964.0,12991.0,38973.0,31792.0,6898.0
10645,2026-04-04,C1074,B2C,CZ-Central,Online,Desk 140,Furniture,3.0,8559.0,5898.0,0.0,407.0,Card,Completed,25677.0,0.0,25677.0,17694.0,7576.0
10646,2026-07-05,C1124,B2C,Unknown,Partner,Webcam,Accessories,6.0,2146.0,1362.0,0.05,422.0,Unknown,Completed,12876.0,643.8000000000001,12232.2,8172.0,3638.2000000000007
10647,2026-05-08,C1110,B2B,CZ-East,Online,Monitor 34,Electronics,4.0,13926.0,9375.0,0.05,429.0,Bank Transfer,Completed,55704.0,2785.2000000000003,52918.8,37500.0,14989.800000000003
10648,2026-01-12,C1291,B2B,CZ-Central,Sales Rep,Keyboard,Accessories,7.0,1713.0,1004.0,0.0,284.0,Bank Transfer,Completed,11991.0,0.0,11991.0,7028.0,4679.0
10649,2026-05-20,C1263,B2B,SK-East,Online,Monitor 34,Electronics,2.0,14497.0,9554.0,0.1,334.0,Bank Transfer,Completed,28994.0,2899.4,26094.6,19108.0,6652.5999999999985
10650,2026-02-26,C1220,B2B,Unknown,Partner,Laptop Air 13,Electronics,2.0,20472.0,17068.0,0.1,226.0,Card,Completed,40944.0,4094.4,36849.6,34136.0,2487.5999999999985
